--Git repository--
--
INSERT INTO git_repository (id, name) VALUES (4, 'SICS/nc1lib');
INSERT INTO git_repository (id, name) VALUES (5, 'SICS/parameters/sics-parameters');
INSERT INTO git_repository (id, name) VALUES (6, 'SICS/outillage/pims');
INSERT INTO git_repository (id, name) VALUES (7, 'SICS/outillage/tips');
INSERT INTO git_repository (id, name) VALUES (8, 'SICS/macs/macs-rifng');
INSERT INTO git_repository (id, name) VALUES (9, 'SICS/products/macs-sics-product');
INSERT INTO git_repository (id, name) VALUES (10, 'SICS/bms/bms-link');
INSERT INTO git_repository (id, name) VALUES (11, 'SICS/bms/bms-plugin');
INSERT INTO git_repository (id, name) VALUES (12, 'SICS/bms/bms-it');
INSERT INTO git_repository (id, name) VALUES (13, 'SICS/bms/bms');
INSERT INTO git_repository (id, name) VALUES (14, 'SICS/products/bms-sics-product');
INSERT INTO git_repository (id, name) VALUES (15, 'SICS/configuration/acdc');
INSERT INTO git_repository (id, name) VALUES (16, 'SICS/configuration/lcp');
INSERT INTO git_repository (id, name) VALUES (17, 'SICS/dqp/sics-dqp');
INSERT INTO git_repository (id, name) VALUES (18, 'SICS/sics-suite-params');
INSERT INTO git_repository (id, name) VALUES (19, 'SICS/sics-dep');
INSERT INTO git_repository (id, name) VALUES (20, 'SICS/integration/sics-suite');
INSERT INTO git_repository (id, name) VALUES (21, 'SICS/integration/entrainement');
INSERT INTO git_repository (id, name) VALUES (22, 'SICS/client-stp');
INSERT INTO git_repository (id, name) VALUES (23, 'SICS/integration/macs-multi-instances');
INSERT INTO git_repository (id, name) VALUES (30, 'SICS/products/macs-sics-deb-product');
INSERT INTO git_repository (id, name) VALUES (31, 'SICS/sicsa/bms-alat-dao');
INSERT INTO git_repository (id, name) VALUES (32, 'SICS/carto/bms-map-luciad');
INSERT INTO git_repository (id, name) VALUES (33, 'SICS/sicsa/ihm/tactical-editor');
INSERT INTO git_repository (id, name) VALUES (34, 'SICS/sicsa/ihm/nav-ui');
INSERT INTO git_repository (id, name) VALUES (35, 'SICS/sicsa/ihm/loc-ui');
INSERT INTO git_repository (id, name) VALUES (36, 'SICS/sicsa/ihm/missioncontrol-ui');
INSERT INTO git_repository (id, name) VALUES (37, 'SICS/sicsa/ihm/device-ui');
INSERT INTO git_repository (id, name) VALUES (38, 'SICS/sicsa/ihm/coi-ui');
INSERT INTO git_repository (id, name) VALUES (39, 'SICS/bms/adapters/tdms-adapter');
INSERT INTO git_repository (id, name) VALUES (40, 'SICS/products/bms-sics-alat-product');
INSERT INTO git_repository (id, name) VALUES (41, 'SICS/bms-wrappers');
INSERT INTO git_repository (id, name) VALUES (42, 'SICS/bms/datalink/hlink');
INSERT INTO git_repository (id, name) VALUES (43, 'SICS/outillage/spq-automation');
INSERT INTO git_repository (id, name) VALUES (44, 'SICS/bms/ifaces/iface-map');
INSERT INTO git_repository (id, name) VALUES (45, 'SICS/bms/ifaces/iface-security');
INSERT INTO git_repository (id, name) VALUES (46, 'SICS/bms/bms-missioncontrol');
INSERT INTO git_repository (id, name) VALUES (47, 'SICS/macs/macs-pr4g');
INSERT INTO git_repository (id, name) VALUES (48, 'repoA');
INSERT INTO git_repository (id, name) VALUES (49, 'repoB');
INSERT INTO git_repository (id, name) VALUES (50, 'repoProduct');
INSERT INTO git_repository (id, name) VALUES (51, 'repoCompo');
INSERT INTO git_repository (id, name) VALUES (52, 'SICS/products/macs-sics-terminal-product');
INSERT INTO git_repository (id, name) VALUES (53, 'SICS/bms/ihm/android-device-ui');
INSERT INTO git_repository (id, name) VALUES (54, 'SICS/sicst/ihm/gladiator-modular');
INSERT INTO git_repository (id, name) VALUES (55, 'SICS/sicst/terminal-security');
INSERT INTO git_repository (id, name) VALUES (56, 'SICS/products/bms-sics-terminal-product');
INSERT INTO git_repository (id, name) VALUES (57, 'repoA');
INSERT INTO git_repository (id, name) VALUES (58, 'repoB');
INSERT INTO git_repository (id, name) VALUES (59, 'repoProduct');
INSERT INTO git_repository (id, name) VALUES (60, 'repoCompo');
INSERT INTO git_repository (id, name) VALUES (61, 'repoA');
INSERT INTO git_repository (id, name) VALUES (62, 'repoB');
INSERT INTO git_repository (id, name) VALUES (63, 'repoProduct');
INSERT INTO git_repository (id, name) VALUES (64, 'repoCompo');
INSERT INTO git_repository (id, name) VALUES (65, 'repoA');
INSERT INTO git_repository (id, name) VALUES (66, 'repoB');
INSERT INTO git_repository (id, name) VALUES (67, 'repoProduct');
INSERT INTO git_repository (id, name) VALUES (68, 'repoCompo');
INSERT INTO git_repository (id, name) VALUES (69, 'SICS/macs/macs-mail');
INSERT INTO git_repository (id, name) VALUES (70, 'SICS/outillage/plateform-tools');
INSERT INTO git_repository (id, name) VALUES (71, 'SICS/bms/ifaces/iface-missioncontrol');
INSERT INTO git_repository (id, name) VALUES (72, 'SICS/jpr4g');
INSERT INTO git_repository (id, name) VALUES (73, 'SICS/syncLib');
INSERT INTO git_repository (id, name) VALUES (74, 'SICS/outillage/p3ts-sim');
INSERT INTO git_repository (id, name) VALUES (75, 'SICS/bms/bms-ldtt');
INSERT INTO git_repository (id, name) VALUES (76, 'SICS/bms/bms-conference');
INSERT INTO git_repository (id, name) VALUES (77, 'SICS/macs/macs-contact');
INSERT INTO git_repository (id, name) VALUES (78, 'SICS/bms/adapters/plugin-proxy');
INSERT INTO git_repository (id, name) VALUES (79, 'SICS/bms/bms-mail');
INSERT INTO git_repository (id, name) VALUES (80, 'SICS/lib/serialport');
INSERT INTO git_repository (id, name) VALUES (81, 'SICS/bms/bms-directory');
INSERT INTO git_repository (id, name) VALUES (82, 'SICS/bms/bms-coi');
INSERT INTO git_repository (id, name) VALUES (83, 'SICS/bms/bms-security');
INSERT INTO git_repository (id, name) VALUES (84, 'SICS/bms/adapters/mail-server');
INSERT INTO git_repository (id, name) VALUES (85, 'SICS/lib/tgm4');
INSERT INTO git_repository (id, name) VALUES (86, 'SICS/macs/test-integration');
INSERT INTO git_repository (id, name) VALUES (87, 'SICS/bms/bms-remotecontrol');
INSERT INTO git_repository (id, name) VALUES (88, 'SICS/macs/macs-p3ts');
INSERT INTO git_repository (id, name) VALUES (89, 'SICS/outillage/mts');
INSERT INTO git_repository (id, name) VALUES (90, 'SICS/macs/macs-core');
INSERT INTO git_repository (id, name) VALUES (91, 'SICS/bms/bms-core');
INSERT INTO git_repository (id, name) VALUES (92, 'SICS/outillage/rip');
INSERT INTO git_repository (id, name) VALUES (93, 'SICS/bms/bms-device');
INSERT INTO git_repository (id, name) VALUES (94, 'SICS/bms/ifaces/iface-ddt');
INSERT INTO git_repository (id, name) VALUES (95, 'SICS/bms/ifaces/iface-datalink');
INSERT INTO git_repository (id, name) VALUES (96, 'SICS/project/bms-tactical');
INSERT INTO git_repository (id, name) VALUES (97, 'SICS/bms/bms-location');
INSERT INTO git_repository (id, name) VALUES (98, 'SICS/bms/bms-chat');
INSERT INTO git_repository (id, name) VALUES (99, 'SICS/bms/bms-datalink');
INSERT INTO git_repository (id, name) VALUES (100, 'SICS/bms/bms-sync');
INSERT INTO git_repository (id, name) VALUES (101, 'SICS/bms/bms-ddt');
INSERT INTO git_repository (id, name) VALUES (102, 'SICS/bms/adapters/android-sqlite-dao');
INSERT INTO git_repository (id, name) VALUES (103, 'SICS/bms/vetro/android-gnss');
INSERT INTO git_repository (id, name) VALUES (104, 'SICS/bms/adapters/tu-auto-adapter');
INSERT INTO git_repository (id, name) VALUES (105, 'SICS/bms/adapters/android-core');
INSERT INTO git_repository (id, name) VALUES (106, 'SICS/bms/adapters/android-device');
INSERT INTO git_repository (id, name) VALUES (107, 'SICS/bms/adapters/android-location');
INSERT INTO git_repository (id, name) VALUES (108, 'SICS/bms/adapters/android-missioncontrol');
INSERT INTO git_repository (id, name) VALUES (109, 'SICS/bms/adapters/android-coi');
INSERT INTO git_repository (id, name) VALUES (110, 'SICS/bms/adapters/android-conference');
INSERT INTO git_repository (id, name) VALUES (111, 'SICS/bms/adapters/android-datalink');
INSERT INTO git_repository (id, name) VALUES (112, 'SICS/bms/adapters/android-felin');
INSERT INTO git_repository (id, name) VALUES (113, 'SICS/bms/adapters/android-security');
INSERT INTO git_repository (id, name) VALUES (114, 'SICS/bms/adapters/android-chat');
INSERT INTO git_repository (id, name) VALUES (115, 'SICS/bms/adapters/android-sync');
INSERT INTO git_repository (id, name) VALUES (116, 'SICS/bms/adapters/android-ddt');
INSERT INTO git_repository (id, name) VALUES (117, 'SICS/bms/adapters/android-embark');
INSERT INTO git_repository (id, name) VALUES (118, 'SICS/bms/vetro/serial-gnss');
INSERT INTO git_repository (id, name) VALUES (119, 'SICS/products/bms-sics-deb-product');
INSERT INTO git_repository (id, name) VALUES (120, 'SICS/sicsd/ihm/sicsd-android-coi');
INSERT INTO git_repository (id, name) VALUES (121, 'SICS/sicsd/ihm/sicsd-android-bt');
INSERT INTO git_repository (id, name) VALUES (122, 'SICS/sicsd/ihm/sicsd-android-pr4g');
INSERT INTO git_repository (id, name) VALUES (123, 'SICS/sicsd/ihm/sicsd-android-gps');
INSERT INTO git_repository (id, name) VALUES (124, 'SICS/sicsd/ihm/sicsd-android-embark');
INSERT INTO git_repository (id, name) VALUES (125, 'SICS/sicsd/ihm/sicsd-android-probes');
INSERT INTO git_repository (id, name) VALUES (126, 'SICS/sicsd/ihm/sicsd-android-stub');
INSERT INTO git_repository (id, name) VALUES (127, 'SICS/sicsd/ihm/sicsd-android-stub-chat');
INSERT INTO git_repository (id, name) VALUES (128, 'SICS/sicsd/ihm/sicsd-android-stub-sync');
INSERT INTO git_repository (id, name) VALUES (129, 'SICS/simu/dicsim4D');
INSERT INTO git_repository (id, name) VALUES (130, 'SICS/android-ui-auto');
INSERT INTO git_repository (id, name) VALUES (131, 'SICS/sicsd/ihm/intent-sender');
INSERT INTO git_repository (id, name) VALUES (132, 'SICS/sicsd/ihm/sicsd-android-stub-ddt');
INSERT INTO git_repository (id, name) VALUES (133, 'SICS/sicsd/ihm/wifi-sync');
INSERT INTO git_repository (id, name) VALUES (134, 'SICS/bms/bms-nav');
INSERT INTO git_repository (id, name) VALUES (135, 'SICS/bms/bms-dao');
INSERT INTO git_repository (id, name) VALUES (136, 'SICS/outillage/test-tactical');
INSERT INTO git_repository (id, name) VALUES (137, 'SICS/bms/adapters/android-nav');
INSERT INTO git_repository (id, name) VALUES (138, 'SICS/engineering/referentiel');
INSERT INTO git_repository (id, name) VALUES (139, 'SICS/sicst/ihm/gladiator');
INSERT INTO git_repository (id, name) VALUES (140, 'SICS/bms/ihm/android-chat-ui');
INSERT INTO git_repository (id, name) VALUES (141, 'SICS/bms/ihm/android-location-ui');
INSERT INTO git_repository (id, name) VALUES (142, 'SICS/sicst/ihm/android-missioncontrol-ui');
INSERT INTO git_repository (id, name) VALUES (143, 'SICS/bms/ihm/android-map-ui');
INSERT INTO git_repository (id, name) VALUES (144, 'SICS/bms/ihm/android-hbi');
INSERT INTO git_repository (id, name) VALUES (145, 'SICS/bms/ihm/android-nav-ui');
INSERT INTO git_repository (id, name) VALUES (146, 'SICS/taipan-maven-plugin');
INSERT INTO git_repository (id, name) VALUES (147, 'SICS/taipan/taipan-rpc');
INSERT INTO git_repository (id, name) VALUES (148, 'SICS/bms/bms-tools');
INSERT INTO git_repository (id, name) VALUES (149, 'SICS/taipan-kernel');
INSERT INTO git_repository (id, name) VALUES (150, 'SICS/taipan/mc/taipan-restclient');
INSERT INTO git_repository (id, name) VALUES (151, 'SICS/taipan-luciad-lightspeed');
INSERT INTO git_repository (id, name) VALUES (152, 'SICS/taipan-hibernate');


--Git branch--
INSERT INTO git_branch (id, name) VALUES (4, 'develop-jdk8');
INSERT INTO git_branch (id, name) VALUES (5, 'refacto-lan');
INSERT INTO git_branch (id, name) VALUES (6, 'retouches-plan-feu-integ');
INSERT INTO git_branch (id, name) VALUES (7, 'monte-version-h.3.4.10');
INSERT INTO git_branch (id, name) VALUES (8, 'develop');
INSERT INTO git_branch (id, name) VALUES (9, 'sics-1.2');
INSERT INTO git_branch (id, name) VALUES (10, 'sics-1.2-maint');
INSERT INTO git_branch (id, name) VALUES (17, 'integration-jdk8');
INSERT INTO git_branch (id, name) VALUES (18, 'integration');
INSERT INTO git_branch (id, name) VALUES (19, 'freeze-1.3-B.5.0');
INSERT INTO git_branch (id, name) VALUES (20, 'sicsa-130-develop');
INSERT INTO git_branch (id, name) VALUES (21, 'sicsa-130-integration-hotfix');
INSERT INTO git_branch (id, name) VALUES (22, 'montee-version-nc1-9-0-1');
INSERT INTO git_branch (id, name) VALUES (23, 'develop-refonte-lan');
INSERT INTO git_branch (id, name) VALUES (24, 'develop-marseus');
INSERT INTO git_branch (id, name) VALUES (25, 'tactical-130-develop');
INSERT INTO git_branch (id, name) VALUES (26, 'feature-m49357');
INSERT INTO git_branch (id, name) VALUES (27, '61515-creationFilRouge');
INSERT INTO git_branch (id, name) VALUES (28, 'iface-130-develop');
INSERT INTO git_branch (id, name) VALUES (29, 'com-130-develop');
INSERT INTO git_branch (id, name) VALUES (30, 'release');
INSERT INTO git_branch (id, name) VALUES (31, 'test-branch');
INSERT INTO git_branch (id, name) VALUES (32, 'sicst-130-develop');
INSERT INTO git_branch (id, name) VALUES (33, 'test-branch');
INSERT INTO git_branch (id, name) VALUES (34, 'test-branch');
INSERT INTO git_branch (id, name) VALUES (35, 'test-branch');
INSERT INTO git_branch (id, name) VALUES (36, 'm61184-test-grappe');
INSERT INTO git_branch (id, name) VALUES (37, 'iface-130-master');
INSERT INTO git_branch (id, name) VALUES (38, 'sicsd-develop');
INSERT INTO git_branch (id, name) VALUES (39, 'dev-ng');
INSERT INTO git_branch (id, name) VALUES (40, 'dev-legacy');
INSERT INTO git_branch (id, name) VALUES (41, 'sicsd-integration-hotfix');
INSERT INTO git_branch (id, name) VALUES (42, 'android-130-develop');
INSERT INTO git_branch (id, name) VALUES (43, 'sicsd-130-develop');
INSERT INTO git_branch (id, name) VALUES (44, 'cotsext-130-release');
INSERT INTO git_branch (id, name) VALUES (45, 'develop-NC1-9.0.1-Patch-1');
INSERT INTO git_branch (id, name) VALUES (46, 'lcp-analyse-de-risque');
INSERT INTO git_branch (id, name) VALUES (47, 'master');
INSERT INTO git_branch (id, name) VALUES (48, '62130-UpdateSPQSimilarity');
INSERT INTO git_branch (id, name) VALUES (49, 'release-refonte-lan');
INSERT INTO git_branch (id, name) VALUES (50, 'com-130-integration-hotfix');
INSERT INTO git_branch (id, name) VALUES (51, 'feature-m60526-ng');
INSERT INTO git_branch (id, name) VALUES (52, 'tactical-130-integration-hotfix');
INSERT INTO git_branch (id, name) VALUES (53, 'android-130-integration-hotfix');
INSERT INTO git_branch (id, name) VALUES (54, 'sicsd-130-integration-hotfix');
INSERT INTO git_branch (id, name) VALUES (55, 'TEST');
INSERT INTO git_branch (id, name) VALUES (56, 'features-m61407-versionProduit');
INSERT INTO git_branch (id, name) VALUES (57, 'integration-NC1-9.0.1-Patch-1');
INSERT INTO git_branch (id, name) VALUES (58, 'release-NC1-9.0.1-Patch-1');
INSERT INTO git_branch (id, name) VALUES (59, 'tactical-130-stabilise-rlz');
INSERT INTO git_branch (id, name) VALUES (60, 'feature-m60467-ng');
INSERT INTO git_branch (id, name) VALUES (61, 'feature-m60467-legacy');
INSERT INTO git_branch (id, name) VALUES (62, 'version-cots-ext');
INSERT INTO git_branch (id, name) VALUES (63, 'sicst-130-integration-hotfix');
INSERT INTO git_branch (id, name) VALUES (64, 'm60194-remove-warnings');
INSERT INTO git_branch (id, name) VALUES (65, 'release-1.3-B.3.3.0');
INSERT INTO git_branch (id, name) VALUES (66, 'gconf-fix-jacoco');
INSERT INTO `git_branch` (`id`, `name`) VALUES (67, 'feature-m62382-ng');
INSERT INTO `git_branch` (`id`, `name`) VALUES (68, 'com-130-integration');
INSERT INTO `git_branch` (`id`, `name`) VALUES (69, 'com-130-release');
INSERT INTO `git_branch` (`id`, `name`) VALUES (70, 'tactical-130-integration');
INSERT INTO `git_branch` (`id`, `name`) VALUES (71, 'tactical-130-integration');
INSERT INTO `git_branch` (`id`, `name`) VALUES (72, 'tactical-130-release');
INSERT INTO `git_branch` (`id`, `name`) VALUES (73, 'evolDebug');
INSERT INTO `git_branch` (`id`, `name`) VALUES (74, 'int-ng-2024.5.0');
INSERT INTO `git_branch` (`id`, `name`) VALUES (75, 'sicsa-130-integration');
INSERT INTO `git_branch` (`id`, `name`) VALUES (76, 'sicsa-130-release');
INSERT INTO `git_branch` (`id`, `name`) VALUES (77, 'sicst-130-release');
INSERT INTO `git_branch` (`id`, `name`) VALUES (78, 'android-130-integration');
INSERT INTO `git_branch` (`id`, `name`) VALUES (79, 'android-130-release');
INSERT INTO `git_branch` (`id`, `name`) VALUES (80, 'tactical-130-develop-tu-certif-h');
INSERT INTO `git_branch` (`id`, `name`) VALUES (81, 'sicsa-130-develop-tu-certif-h');
INSERT INTO `git_branch` (`id`, `name`) VALUES (82, 'sicsd-130-integration');
INSERT INTO `git_branch` (`id`, `name`) VALUES (83, 'sicsd-130-release');
INSERT INTO `git_branch` (`id`, `name`) VALUES (84, 'sicsa-130-develop-pvi');
INSERT INTO `git_branch` (`id`, `name`) VALUES (85, 'emulihm');
INSERT INTO `git_branch` (`id`, `name`) VALUES (86, 'DebugPort5005');
INSERT INTO `git_branch` (`id`, `name`) VALUES (87, 'feature-m62429-ng');
INSERT INTO `git_branch` (`id`, `name`) VALUES (88, 'icd-130-develop');
INSERT INTO `git_branch` (`id`, `name`) VALUES (89, 'iface-130-integration-4.10.0');
INSERT INTO `git_branch` (`id`, `name`) VALUES (90, 'com-130-develop-pvi');
INSERT INTO `git_branch` (`id`, `name`) VALUES (91, 'm62862-ModificationTESTOPAL');
INSERT INTO `git_branch` (`id`, `name`) VALUES (92, 'tactical-130-develop-pvi');
INSERT INTO `git_branch` (`id`, `name`) VALUES (93, 'icd-130-master');
INSERT INTO `git_branch` (`id`, `name`) VALUES (94, 'android-130-develop-pvi');
INSERT INTO `git_branch` (`id`, `name`) VALUES (95, 'develop-pvi');
INSERT INTO `git_branch` (`id`, `name`) VALUES (96, 'm62862-PhD-repriseScenarioCatsInit');
INSERT INTO `git_branch` (`id`, `name`) VALUES (97, '2024.6.0-legacy');
INSERT INTO `git_branch` (`id`, `name`) VALUES (98, 'develop-chantier-mission');
INSERT INTO `git_branch` (`id`, `name`) VALUES (99, '2024.6.0-ng');
INSERT INTO `git_branch` (`id`, `name`) VALUES (100, '120-develop');
INSERT INTO `git_branch` (`id`, `name`) VALUES (101, 'feature-m60669-legacy');
INSERT INTO `git_branch` (`id`, `name`) VALUES (102, 'sicsa-130-develop-gconf');
INSERT INTO `git_branch` (`id`, `name`) VALUES (103, '62473-retirer-noBreak');
INSERT INTO `git_branch` (`id`, `name`) VALUES (104, 'plugin-tdmai-130-develop');
INSERT INTO `git_branch` (`id`, `name`) VALUES (105, 'feature-m63451-legacy');
INSERT INTO `git_branch` (`id`, `name`) VALUES (106, 'release-1.3-B.4.0.0');
INSERT INTO `git_branch` (`id`, `name`) VALUES (107, 'feature-m63451-ng');
INSERT INTO `git_branch` (`id`, `name`) VALUES (108, 'release-marseus');
INSERT INTO `git_branch` (`id`, `name`) VALUES (109, 'release-1.8.1');
INSERT INTO `git_branch` (`id`, `name`) VALUES (110, 'sicsa-130-develop-store-mpme-features');
INSERT INTO `git_branch` (`id`, `name`) VALUES (111, 'tuto-sbr');
INSERT INTO `git_branch` (`id`, `name`) VALUES (112, 'engie-autoBuildParaGradle');
INSERT INTO `git_branch` (`id`, `name`) VALUES (113, 'freeze-1.3-B.11.0');
INSERT INTO `git_branch` (`id`, `name`) VALUES (114, 'gconf-push-to-nexus');

--Jenkins user--
INSERT INTO `jenkins_user` (id, name) VALUES (1, 'c-gau');
INSERT INTO `jenkins_user` (id, name) VALUES (5, 'TestC');
INSERT INTO `jenkins_user` (id, name) VALUES (6, 'jenkins');
INSERT INTO `jenkins_user` (id, name) VALUES (7, 'l-dimeo');
INSERT INTO `jenkins_user` (id, name) VALUES (9, 'testIntUpdate');
INSERT INTO `jenkins_user` (id, name) VALUES (13, 'c-gauthier');
INSERT INTO `jenkins_user` (id, name) VALUES (14, 'jp-tisserand');
INSERT INTO `jenkins_user` (id, name) VALUES (15, 'c-castro');
INSERT INTO `jenkins_user` (id, name) VALUES (16, 'f-cortes');
INSERT INTO `jenkins_user` (id, name) VALUES (17, 'g-boutroue');
INSERT INTO `jenkins_user` (id, name) VALUES (18, 's-mirailles');
INSERT INTO `jenkins_user` (id, name) VALUES (19, 'p-dedieu');
INSERT INTO `jenkins_user` (id, name) VALUES (20, 'pa-charnoz');
INSERT INTO `jenkins_user` (id, name) VALUES (21, 'userTest');
INSERT INTO `jenkins_user` (id, name) VALUES (22, 'userTest');
INSERT INTO `jenkins_user` (id, name) VALUES (23, 'userTest');
INSERT INTO `jenkins_user` (id, name) VALUES (24, 'userTest');
INSERT INTO `jenkins_user` (id, name) VALUES (25, 'rs-dzonounganjip');
INSERT INTO `jenkins_user` (id, name) VALUES (26, 'y-parache');
INSERT INTO `jenkins_user` (id, name) VALUES (27, 'c-assante');
INSERT INTO `jenkins_user` (id, name) VALUES (28, 'r-corduan');
INSERT INTO `jenkins_user` (id, name) VALUES (29, 'm-balaguer');
INSERT INTO `jenkins_user` (id, name) VALUES (30, 'm-pastore');
INSERT INTO `jenkins_user` (id, name) VALUES (31, 'a-pascual');
INSERT INTO `jenkins_user` (id, name) VALUES (32, 'g-laforet');
INSERT INTO `jenkins_user` (id, name) VALUES (33, 'a-bersi');
INSERT INTO `jenkins_user` (id, name) VALUES (34, 'o-mattei');
INSERT INTO `jenkins_user` (id, name) VALUES (35, 'l-wernert');
INSERT INTO `jenkins_user` (id, name) VALUES (36, 'd-barbarin');
INSERT INTO `jenkins_user` (id, name) VALUES (37, 'g-robinson');
INSERT INTO `jenkins_user` (`id`, `name`) VALUES (38, 'a-tremoulet');
INSERT INTO `jenkins_user` (`id`, `name`) VALUES (39, 'd-marrou');
INSERT INTO `jenkins_user` (`id`, `name`) VALUES (40, 't-etavard');
INSERT INTO `jenkins_user` (`id`, `name`) VALUES (41, 'n-combelles');
INSERT INTO `jenkins_user` (`id`, `name`) VALUES (42, 'g-clerin');
INSERT INTO `jenkins_user` (`id`, `name`) VALUES (43, 'c-le');
INSERT INTO `jenkins_user` (`id`, `name`) VALUES (44, 'l-demeulemeester');
INSERT INTO `jenkins_user` (`id`, `name`) VALUES (45, 'c-ambrosio');
INSERT INTO `jenkins_user` (`id`, `name`) VALUES (46, 'c-hirane');
INSERT INTO `jenkins_user` (`id`, `name`) VALUES (47, 'pl-conte');
INSERT INTO `jenkins_user` (`id`, `name`) VALUES (48, 'j-cotigny');
INSERT INTO `jenkins_user` (`id`, `name`) VALUES (49, 'c-malberti');
INSERT INTO `jenkins_user` (`id`, `name`) VALUES (50, 'g-riviere');
INSERT INTO `jenkins_user` (`id`, `name`) VALUES (51, 'p-arsaut');


INSERT INTO `build_product` (`id`, `end_date`, `jenkins_number`, `name`, `product`, `result`, `start_date`, `status`, `type`, `version`, `branch_id`, `build_product_parent`, `jenkins_user_id`, `rebuild_from_build_product`) VALUES (1695, '2024-07-31 11:43:59.000000', '23094', 'build-project', 'IFACES', 'SUCCESS', '2024-07-31 11:43:29.000000', 'FINISHED', 'PROJECT', '4.11.1-iface-130-develop-SNAPSHOT', 28, NULL, 6, NULL);
INSERT INTO `build_product` (`id`, `end_date`, `jenkins_number`, `name`, `product`, `result`, `start_date`, `status`, `type`, `version`, `branch_id`, `build_product_parent`, `jenkins_user_id`, `rebuild_from_build_product`) VALUES (1696, '2024-08-01 00:00:29.000000', '23095', 'build-project', 'SICS', 'SUCCESS', '2024-07-31 20:01:08.000000', 'FINISHED', 'PROJECT', '1.3-B.12.0.3907-SNAPSHOT', 8, NULL, 6, NULL);
INSERT INTO `build_product` (`id`, `end_date`, `jenkins_number`, `name`, `product`, `result`, `start_date`, `status`, `type`, `version`, `branch_id`, `build_product_parent`, `jenkins_user_id`, `rebuild_from_build_product`) VALUES (1697, '2024-07-31 20:17:22.000000', '23096', 'build-project', 'TAIPAN', 'SUCCESS', '2024-07-31 20:16:51.000000', 'FINISHED', 'PROJECT', '2024.8.0-dev-ng-SNAPSHOT', 39, NULL, 6, NULL);
INSERT INTO `build_product` (`id`, `end_date`, `jenkins_number`, `name`, `product`, `result`, `start_date`, `status`, `type`, `version`, `branch_id`, `build_product_parent`, `jenkins_user_id`, `rebuild_from_build_product`) VALUES (1698, '2024-07-31 21:54:45.000000', '23097', 'build-project', 'COM', 'SUCCESS', '2024-07-31 20:30:31.000000', 'FINISHED', 'PROJECT', '1.3-B.14.0.1570-SNAPSHOT', 29, NULL, 6, NULL);
INSERT INTO `build_product` (`id`, `end_date`, `jenkins_number`, `name`, `product`, `result`, `start_date`, `status`, `type`, `version`, `branch_id`, `build_product_parent`, `jenkins_user_id`, `rebuild_from_build_product`) VALUES (1699, '2024-07-31 20:41:44.000000', '23098', 'build-project', 'IFACES', 'FAILURE', '2024-07-31 20:34:14.000000', 'FINISHED', 'PROJECT', '4.11.1-iface-130-develop-SNAPSHOT', 28, NULL, 6, NULL);
INSERT INTO `build_product` (`id`, `end_date`, `jenkins_number`, `name`, `product`, `result`, `start_date`, `status`, `type`, `version`, `branch_id`, `build_product_parent`, `jenkins_user_id`, `rebuild_from_build_product`) VALUES (1700, '2024-07-31 20:35:13.000000', '23099', 'build-project', 'TAIPAN', 'SUCCESS', '2024-07-31 20:34:41.000000', 'FINISHED', 'PROJECT', '2024.8.0-dev-legacy-SNAPSHOT', 40, NULL, 6, NULL);
INSERT INTO `build_product` (`id`, `end_date`, `jenkins_number`, `name`, `product`, `result`, `start_date`, `status`, `type`, `version`, `branch_id`, `build_product_parent`, `jenkins_user_id`, `rebuild_from_build_product`) VALUES (1701, '2024-08-01 02:46:11.000000', '23100', 'build-project', 'SICS', 'UNSTABLE', '2024-07-31 23:00:55.000000', 'FINISHED', 'PROJECT', '1.3-B.11.0-LAN.3908-SNAPSHOT', 23, NULL, 6, NULL);
INSERT INTO `build_product` (`id`, `end_date`, `jenkins_number`, `name`, `product`, `result`, `start_date`, `status`, `type`, `version`, `branch_id`, `build_product_parent`, `jenkins_user_id`, `rebuild_from_build_product`) VALUES (1702, '2024-08-01 02:24:05.000000', '23101', 'build-project', 'COM', 'SUCCESS', '2024-08-01 01:01:25.000000', 'FINISHED', 'PROJECT', '1.3-B.14.0.1571-SNAPSHOT', 29, NULL, 6, NULL);
INSERT INTO `build_product` (`id`, `end_date`, `jenkins_number`, `name`, `product`, `result`, `start_date`, `status`, `type`, `version`, `branch_id`, `build_product_parent`, `jenkins_user_id`, `rebuild_from_build_product`) VALUES (1704, '2024-08-01 03:23:26.000000', '23103', 'build-project', 'TACTICAL', 'UNSTABLE', '2024-08-01 02:24:28.000000', 'FINISHED', 'PROJECT', '1.3-B.14.0.1571-SNAPSHOT', 25, 1702, 6, NULL);
INSERT INTO `build_product` (`id`, `end_date`, `jenkins_number`, `name`, `product`, `result`, `start_date`, `status`, `type`, `version`, `branch_id`, `build_product_parent`, `jenkins_user_id`, `rebuild_from_build_product`) VALUES (1705, '2024-08-01 03:54:23.000000', '23104', 'build-project', 'ANDROID', 'SUCCESS', '2024-08-01 03:23:48.000000', 'FINISHED', 'PROJECT', '1.3-B.14.0.1571-SNAPSHOT', 42, 1704, 6, NULL);
INSERT INTO `build_product` (`id`, `end_date`, `jenkins_number`, `name`, `product`, `result`, `start_date`, `status`, `type`, `version`, `branch_id`, `build_product_parent`, `jenkins_user_id`, `rebuild_from_build_product`) VALUES (1706, '2024-08-01 05:10:36.000000', '23105', 'build-project', 'COM', 'SUCCESS', '2024-08-01 03:41:12.000000', 'FINISHED', 'PROJECT', '1.3-B.14.0.1572-SNAPSHOT', 29, NULL, 6, NULL);
INSERT INTO `build_product` (`id`, `end_date`, `jenkins_number`, `name`, `product`, `result`, `start_date`, `status`, `type`, `version`, `branch_id`, `build_product_parent`, `jenkins_user_id`, `rebuild_from_build_product`) VALUES (1707, '2024-08-01 04:12:07.000000', '23106', 'build-project', 'SICSD', 'FAILURE', '2024-08-01 03:54:38.000000', 'FINISHED', 'PROJECT', '1.3-B.5.2.0.3323-SNAPSHOT', 43, 1705, 6, NULL);
INSERT INTO `build_product` (`id`, `end_date`, `jenkins_number`, `name`, `product`, `result`, `start_date`, `status`, `type`, `version`, `branch_id`, `build_product_parent`, `jenkins_user_id`, `rebuild_from_build_product`) VALUES (1708, '2024-08-01 06:09:09.000000', '23107', 'build-project', 'TACTICAL', 'UNSTABLE', '2024-08-01 05:10:59.000000', 'FINISHED', 'PROJECT', '1.3-B.14.0.1572-SNAPSHOT', 25, 1706, 6, NULL);
INSERT INTO `build_product` (`id`, `end_date`, `jenkins_number`, `name`, `product`, `result`, `start_date`, `status`, `type`, `version`, `branch_id`, `build_product_parent`, `jenkins_user_id`, `rebuild_from_build_product`) VALUES (1709, '2024-08-01 07:06:25.000000', '23108', 'build-project', 'SICSA', 'UNSTABLE', '2024-08-01 06:09:29.000000', 'FINISHED', 'PROJECT', '1.3-B.7.2.0.804-SNAPSHOT', 20, 1708, 6, NULL);
INSERT INTO `build_product` (`id`, `end_date`, `jenkins_number`, `name`, `product`, `result`, `start_date`, `status`, `type`, `version`, `branch_id`, `build_product_parent`, `jenkins_user_id`, `rebuild_from_build_product`) VALUES (1710, '2024-08-01 07:09:35.000000', '515', 'build-pims', 'COMPONENT', 'SUCCESS', '2024-08-01 07:06:36.000000', 'FINISHED', 'COMPONENT', NULL, 20, 1709, 6, NULL);
INSERT INTO `build_product` (`id`, `end_date`, `jenkins_number`, `name`, `product`, `result`, `start_date`, `status`, `type`, `version`, `branch_id`, `build_product_parent`, `jenkins_user_id`, `rebuild_from_build_product`) VALUES (1713, '2024-08-01 15:03:13.000000', '54', 'atr_build-project', 'SICSD', 'SUCCESS', '2024-08-01 14:57:31.000000', 'FINISHED', 'PROJECT', '1.3-B.5.2.0.23-SNAPSHOT', 114, NULL, 6, NULL);
INSERT INTO `build_product` (`id`, `end_date`, `jenkins_number`, `name`, `product`, `result`, `start_date`, `status`, `type`, `version`, `branch_id`, `build_product_parent`, `jenkins_user_id`, `rebuild_from_build_product`) VALUES (1714, '2024-08-01 15:42:02.000000', '55', 'atr_build-project', 'SICSD', 'SUCCESS', '2024-08-01 15:35:41.000000', 'FINISHED', 'PROJECT', '1.3-B.5.2.0.24-SNAPSHOT', 114, NULL, 6, NULL);
INSERT INTO `build_product` (`id`, `end_date`, `jenkins_number`, `name`, `product`, `result`, `start_date`, `status`, `type`, `version`, `branch_id`, `build_product_parent`, `jenkins_user_id`, `rebuild_from_build_product`) VALUES (1715, '2024-08-01 16:14:33.000000', '56', 'atr_build-project', 'SICSD', 'SUCCESS', '2024-08-01 16:07:49.000000', 'FINISHED', 'PROJECT', '1.3-B.5.2.0.25-SNAPSHOT', 114, NULL, 6, NULL);
INSERT INTO `build_product` (`id`, `end_date`, `jenkins_number`, `name`, `product`, `result`, `start_date`, `status`, `type`, `version`, `branch_id`, `build_product_parent`, `jenkins_user_id`, `rebuild_from_build_product`) VALUES (1716, '2024-08-01 16:51:22.000000', '57', 'atr_build-project', 'SICSD', 'SUCCESS', '2024-08-01 16:33:56.000000', 'FINISHED', 'PROJECT', '1.3-B.5.2.0.26-SNAPSHOT', 114, NULL, 6, NULL);
INSERT INTO `build_product` (`id`, `end_date`, `jenkins_number`, `name`, `product`, `result`, `start_date`, `status`, `type`, `version`, `branch_id`, `build_product_parent`, `jenkins_user_id`, `rebuild_from_build_product`) VALUES (1717, '2024-08-02 00:06:03.000000', '23109', 'build-project', 'SICS', 'UNSTABLE', '2024-08-01 20:00:45.000000', 'FINISHED', 'PROJECT', '1.3-B.12.0.3910-SNAPSHOT', 8, NULL, 6, NULL);
INSERT INTO `build_product` (`id`, `end_date`, `jenkins_number`, `name`, `product`, `result`, `start_date`, `status`, `type`, `version`, `branch_id`, `build_product_parent`, `jenkins_user_id`, `rebuild_from_build_product`) VALUES (1718, '2024-08-01 20:17:18.000000', '23110', 'build-project', 'TAIPAN', 'SUCCESS', '2024-08-01 20:16:26.000000', 'FINISHED', 'PROJECT', '2024.8.0-dev-ng-SNAPSHOT', 39, NULL, 6, NULL);
INSERT INTO `build_product` (`id`, `end_date`, `jenkins_number`, `name`, `product`, `result`, `start_date`, `status`, `type`, `version`, `branch_id`, `build_product_parent`, `jenkins_user_id`, `rebuild_from_build_product`) VALUES (1719, '2024-08-01 22:01:26.000000', '23111', 'build-project', 'COM', 'SUCCESS', '2024-08-01 20:30:32.000000', 'FINISHED', 'PROJECT', '1.3-B.14.0.1573-SNAPSHOT', 29, NULL, 6, NULL);
INSERT INTO `build_product` (`id`, `end_date`, `jenkins_number`, `name`, `product`, `result`, `start_date`, `status`, `type`, `version`, `branch_id`, `build_product_parent`, `jenkins_user_id`, `rebuild_from_build_product`) VALUES (1720, '2024-08-01 20:34:11.000000', '23112', 'build-project', 'IFACES', 'FAILURE', '2024-08-01 20:33:52.000000', 'FINISHED', 'PROJECT', 'null', 28, NULL, 6, NULL);
INSERT INTO `build_product` (`id`, `end_date`, `jenkins_number`, `name`, `product`, `result`, `start_date`, `status`, `type`, `version`, `branch_id`, `build_product_parent`, `jenkins_user_id`, `rebuild_from_build_product`) VALUES (1721, '2024-08-01 20:35:07.000000', '23113', 'build-project', 'TAIPAN', 'SUCCESS', '2024-08-01 20:34:35.000000', 'FINISHED', 'PROJECT', '2024.8.0-dev-legacy-SNAPSHOT', 40, NULL, 6, NULL);
INSERT INTO `build_product` (`id`, `end_date`, `jenkins_number`, `name`, `product`, `result`, `start_date`, `status`, `type`, `version`, `branch_id`, `build_product_parent`, `jenkins_user_id`, `rebuild_from_build_product`) VALUES (1722, '2024-08-02 02:44:07.000000', '23114', 'build-project', 'SICS', 'UNSTABLE', '2024-08-01 23:00:53.000000', 'FINISHED', 'PROJECT', '1.3-B.11.0-LAN.3911-SNAPSHOT', 23, NULL, 6, NULL);
INSERT INTO `build_product` (`id`, `end_date`, `jenkins_number`, `name`, `product`, `result`, `start_date`, `status`, `type`, `version`, `branch_id`, `build_product_parent`, `jenkins_user_id`, `rebuild_from_build_product`) VALUES (1723, '2024-08-02 02:48:07.000000', '23115', 'build-project', 'COM', 'SUCCESS', '2024-08-02 01:01:08.000000', 'FINISHED', 'PROJECT', '1.3-B.14.0.1574-SNAPSHOT', 29, NULL, 6, NULL);
INSERT INTO `build_product` (`id`, `end_date`, `jenkins_number`, `name`, `product`, `result`, `start_date`, `status`, `type`, `version`, `branch_id`, `build_product_parent`, `jenkins_user_id`, `rebuild_from_build_product`) VALUES (1724, '2024-08-02 03:47:03.000000', '23116', 'build-project', 'TACTICAL', 'UNSTABLE', '2024-08-02 02:48:29.000000', 'FINISHED', 'PROJECT', '1.3-B.14.0.1574-SNAPSHOT', 25, 1723, 6, NULL);
INSERT INTO `build_product` (`id`, `end_date`, `jenkins_number`, `name`, `product`, `result`, `start_date`, `status`, `type`, `version`, `branch_id`, `build_product_parent`, `jenkins_user_id`, `rebuild_from_build_product`) VALUES (1725, '2024-08-02 05:15:59.000000', '23117', 'build-project', 'COM', 'UNSTABLE', '2024-08-02 03:41:10.000000', 'FINISHED', 'PROJECT', '1.3-B.14.0.1575-SNAPSHOT', 29, NULL, 6, NULL);
INSERT INTO `build_product` (`id`, `end_date`, `jenkins_number`, `name`, `product`, `result`, `start_date`, `status`, `type`, `version`, `branch_id`, `build_product_parent`, `jenkins_user_id`, `rebuild_from_build_product`) VALUES (1726, '2024-08-02 04:18:37.000000', '23118', 'build-project', 'ANDROID', 'SUCCESS', '2024-08-02 03:47:20.000000', 'FINISHED', 'PROJECT', '1.3-B.14.0.1574-SNAPSHOT', 42, 1724, 6, NULL);
INSERT INTO `build_product` (`id`, `end_date`, `jenkins_number`, `name`, `product`, `result`, `start_date`, `status`, `type`, `version`, `branch_id`, `build_product_parent`, `jenkins_user_id`, `rebuild_from_build_product`) VALUES (1727, '2024-08-02 04:35:59.000000', '23119', 'build-project', 'SICSD', 'FAILURE', '2024-08-02 04:18:56.000000', 'FINISHED', 'PROJECT', '1.3-B.5.2.0.3324-SNAPSHOT', 43, 1726, 6, NULL);
INSERT INTO `build_product` (`id`, `end_date`, `jenkins_number`, `name`, `product`, `result`, `start_date`, `status`, `type`, `version`, `branch_id`, `build_product_parent`, `jenkins_user_id`, `rebuild_from_build_product`) VALUES (1728, '2024-08-02 06:21:55.000000', '23120', 'build-project', 'TACTICAL', 'UNSTABLE', '2024-08-02 05:16:21.000000', 'FINISHED', 'PROJECT', '1.3-B.14.0.1575-SNAPSHOT', 25, 1725, 6, NULL);
INSERT INTO `build_product` (`id`, `end_date`, `jenkins_number`, `name`, `product`, `result`, `start_date`, `status`, `type`, `version`, `branch_id`, `build_product_parent`, `jenkins_user_id`, `rebuild_from_build_product`) VALUES (1729, '2024-08-02 07:17:45.000000', '23121', 'build-project', 'SICSA', 'UNSTABLE', '2024-08-02 06:22:18.000000', 'FINISHED', 'PROJECT', '1.3-B.7.2.0.805-SNAPSHOT', 20, 1728, 6, NULL);
INSERT INTO `build_product` (`id`, `end_date`, `jenkins_number`, `name`, `product`, `result`, `start_date`, `status`, `type`, `version`, `branch_id`, `build_product_parent`, `jenkins_user_id`, `rebuild_from_build_product`) VALUES (1730, '2024-08-02 07:20:57.000000', '516', 'build-pims', 'COMPONENT', 'SUCCESS', '2024-08-02 07:17:56.000000', 'FINISHED', 'COMPONENT', NULL, 20, 1729, 6, NULL);
INSERT INTO `build_product` (`id`, `end_date`, `jenkins_number`, `name`, `product`, `result`, `start_date`, `status`, `type`, `version`, `branch_id`, `build_product_parent`, `jenkins_user_id`, `rebuild_from_build_product`) VALUES (1731, '2024-08-02 10:29:18.000000', '23122', 'build-project', 'SICSD', 'SUCCESS', '2024-08-02 10:15:10.000000', 'FINISHED', 'PROJECT', '1.3-B.5.2.0.3325-SNAPSHOT', 43, NULL, 6, NULL);

--INSERT INTO build_product (id, end_date, jenkins_number, name, product, result, start_date, status, type, version, branch_id, build_product_parent, jenkins_user_id, rebuild_from_build_product) VALUES (808, '2024-06-01 00:13:31.000000', '22285', 'build-project', 'SICSD', 'UNSTABLE', '2024-05-31 22:01:04.000000', 'FINISHED', 'PROJECT', '1.2.9.3251-SNAPSHOT', 41, NULL, 6, NULL);
--INSERT INTO build_product (id, end_date, jenkins_number, name, product, result, start_date, status, type, version, branch_id, build_product_parent, jenkins_user_id, rebuild_from_build_product) VALUES (803, '2024-06-01 00:06:25.000000', '22280', 'build-project', 'SICS', 'SUCCESS', '2024-05-31 20:01:04.000000', 'FINISHED', 'PROJECT', '1.3-B.10.0.3798-SNAPSHOT', 8, NULL, 6, NULL);
--INSERT INTO build_product (id, end_date, jenkins_number, name, product, result, start_date, status, type, version, branch_id, build_product_parent, jenkins_user_id, rebuild_from_build_product) VALUES (815, '2024-06-03 04:28:54.000000', '22291', 'build-project', 'SICSA', 'SUCCESS', '2024-06-03 03:41:20.000000', 'FINISHED', 'PROJECT', '1.3-B.6.1.0.687-SNAPSHOT', 21, NULL, 6, NULL);
--INSERT INTO build_product (id, end_date, jenkins_number, name, product, result, start_date, status, type, version, branch_id, build_product_parent, jenkins_user_id, rebuild_from_build_product) VALUES (829, '2024-06-04 00:19:17.000000', '22304', 'build-project', 'SICSD', 'SUCCESS', '2024-06-03 22:01:09.000000', 'FINISHED', 'PROJECT', '1.2.9.3253-SNAPSHOT', 41, NULL, 6, NULL);
--INSERT INTO build_product (id, end_date, jenkins_number, name, product, result, start_date, status, type, version, branch_id, build_product_parent, jenkins_user_id, rebuild_from_build_product) VALUES (824, '2024-06-04 00:13:41.000000', '22299', 'build-project', 'SICS', 'SUCCESS', '2024-06-03 20:01:29.000000', 'FINISHED', 'PROJECT', '1.3-B.10.0.3803-SNAPSHOT', 8, NULL, 6, NULL);
--INSERT INTO build_product (id, end_date, jenkins_number, name, product, result, start_date, status, type, version, branch_id, build_product_parent, jenkins_user_id, rebuild_from_build_product) VALUES (838, '2024-06-04 07:31:29.000000', '22312', 'build-project', 'SICSA', 'SUCCESS', '2024-06-04 06:25:42.000000', 'FINISHED', 'PROJECT', '1.3-B.6.1.0.689-SNAPSHOT', 20, NULL, 6, NULL);
--INSERT INTO build_product (id, end_date, jenkins_number, name, product, result, start_date, status, type, version, branch_id, build_product_parent, jenkins_user_id, rebuild_from_build_product) VALUES (856, '2024-06-05 00:17:15.000000', '22329', 'build-project', 'SICSD', 'SUCCESS', '2024-06-04 22:01:13.000000', 'FINISHED', 'PROJECT', '1.2.9.3256-SNAPSHOT', 41, NULL, 6, NULL);
--INSERT INTO build_product (id, end_date, jenkins_number, name, product, result, start_date, status, type, version, branch_id, build_product_parent, jenkins_user_id, rebuild_from_build_product) VALUES (851, '2024-06-05 00:11:37.000000', '22324', 'build-project', 'SICS', 'UNSTABLE', '2024-06-04 20:01:26.000000', 'FINISHED', 'PROJECT', '1.3-B.10.0.3807-SNAPSHOT', 8, NULL, 6, NULL);
--INSERT INTO build_product (id, end_date, jenkins_number, name, product, result, start_date, status, type, version, branch_id, build_product_parent, jenkins_user_id, rebuild_from_build_product) VALUES (865, '2024-06-05 06:59:03.000000', '22337', 'build-project', 'SICSA', 'SUCCESS', '2024-06-05 06:12:40.000000', 'FINISHED', 'PROJECT', '1.3-B.6.1.0.692-SNAPSHOT', 20, NULL, 6, NULL);
--INSERT INTO build_product (id, end_date, jenkins_number, name, product, result, start_date, status, type, version, branch_id, build_product_parent, jenkins_user_id, rebuild_from_build_product) VALUES (884, '2024-06-06 00:22:28.000000', '22356', 'build-project', 'SICSD', 'UNSTABLE', '2024-06-05 22:01:17.000000', 'FINISHED', 'PROJECT', '1.2.9.3260-SNAPSHOT', 41, NULL, 6, NULL);
--INSERT INTO build_product (id, end_date, jenkins_number, name, product, result, start_date, status, type, version, branch_id, build_product_parent, jenkins_user_id, rebuild_from_build_product) VALUES (879, '2024-06-06 00:25:00.000000', '22351', 'build-project', 'SICS', 'SUCCESS', '2024-06-05 20:01:29.000000', 'FINISHED', 'PROJECT', '1.3-B.10.0.3811-SNAPSHOT', 8, NULL, 6, NULL);
--INSERT INTO build_product (id, end_date, jenkins_number, name, product, result, start_date, status, type, version, branch_id, build_product_parent, jenkins_user_id, rebuild_from_build_product) VALUES (885, '2024-06-06 02:17:18.000000', '22357', 'build-project', 'SICS', 'SUCCESS', '2024-06-05 23:01:24.000000', 'FINISHED', 'PROJECT', '1.3-B.10.0.3812-SNAPSHOT', 23, NULL, 6, NULL);
--INSERT INTO build_product (id, end_date, jenkins_number, name, product, result, start_date, status, type, version, branch_id, build_product_parent, jenkins_user_id, rebuild_from_build_product) VALUES (892, '2024-06-06 07:01:44.000000', '22363', 'build-project', 'SICSA', 'SUCCESS', '2024-06-06 06:13:31.000000', 'FINISHED', 'PROJECT', '1.3-B.6.1.0.696-SNAPSHOT', 20, NULL, 6, NULL);
--INSERT INTO build_product (id, end_date, jenkins_number, name, product, result, start_date, status, type, version, branch_id, build_product_parent, jenkins_user_id, rebuild_from_build_product) VALUES (902, '2024-06-07 00:43:07.000000', '22373', 'build-project', 'SICSD', 'UNSTABLE', '2024-06-06 22:01:17.000000', 'FINISHED', 'PROJECT', '1.2.9.3262-SNAPSHOT', 41, NULL, 6, NULL);
--INSERT INTO build_product (id, end_date, jenkins_number, name, product, result, start_date, status, type, version, branch_id, build_product_parent, jenkins_user_id, rebuild_from_build_product) VALUES (897, '2024-06-06 23:57:08.000000', '22368', 'build-project', 'SICS', 'SUCCESS', '2024-06-06 20:01:25.000000', 'FINISHED', 'PROJECT', '1.3-B.10.0.3813-SNAPSHOT', 8, NULL, 6, NULL);
--INSERT INTO build_product (id, end_date, jenkins_number, name, product, result, start_date, status, type, version, branch_id, build_product_parent, jenkins_user_id, rebuild_from_build_product) VALUES (903, '2024-06-07 02:06:27.000000', '22374', 'build-project', 'SICS', 'SUCCESS', '2024-06-06 23:01:40.000000', 'FINISHED', 'PROJECT', '1.3-B.10.0.3814-SNAPSHOT', 23, NULL, 6, NULL);
--INSERT INTO build_product (id, end_date, jenkins_number, name, product, result, start_date, status, type, version, branch_id, build_product_parent, jenkins_user_id, rebuild_from_build_product) VALUES (910, '2024-06-07 07:01:26.000000', '22380', 'build-project', 'SICSA', 'UNSTABLE', '2024-06-07 06:14:59.000000', 'FINISHED', 'PROJECT', '1.3-B.6.1.0.699-SNAPSHOT', 20, NULL, 6, NULL);
--INSERT INTO build_product (id, end_date, jenkins_number, name, product, result, start_date, status, type, version, branch_id, build_product_parent, jenkins_user_id, rebuild_from_build_product) VALUES (929, '2024-06-08 00:11:21.000000', '22399', 'build-project', 'SICSD', 'UNSTABLE', '2024-06-07 22:01:29.000000', 'FINISHED', 'PROJECT', '1.2.9.3264-SNAPSHOT', 41, NULL, 6, NULL);
--INSERT INTO build_product (id, end_date, jenkins_number, name, product, result, start_date, status, type, version, branch_id, build_product_parent, jenkins_user_id, rebuild_from_build_product) VALUES (924, '2024-06-08 00:31:08.000000', '22394', 'build-project', 'SICS', 'UNSTABLE', '2024-06-07 20:01:35.000000', 'FINISHED', 'PROJECT', '1.3-B.10.0.3815-SNAPSHOT', 8, NULL, 6, NULL);
--INSERT INTO build_product (id, end_date, jenkins_number, name, product, result, start_date, status, type, version, branch_id, build_product_parent, jenkins_user_id, rebuild_from_build_product) VALUES (930, '2024-06-08 01:44:56.000000', '22400', 'build-project', 'SICS', 'SUCCESS', '2024-06-07 23:01:33.000000', 'FINISHED', 'PROJECT', '1.3-B.10.0.3816-SNAPSHOT', 23, NULL, 6, NULL);
--INSERT INTO build_product (id, end_date, jenkins_number, name, product, result, start_date, status, type, version, branch_id, build_product_parent, jenkins_user_id, rebuild_from_build_product) VALUES (937, '2024-06-10 06:38:26.000000', '22406', 'build-project', 'SICSA', 'SUCCESS', '2024-06-10 05:54:23.000000', 'FINISHED', 'PROJECT', '1.3-B.6.1.0.703-SNAPSHOT', 20, NULL, 6, NULL);
--INSERT INTO build_product (id, end_date, jenkins_number, name, product, result, start_date, status, type, version, branch_id, build_product_parent, jenkins_user_id, rebuild_from_build_product) VALUES (949, '2024-06-11 00:12:22.000000', '22418', 'build-project', 'SICSD', 'UNSTABLE', '2024-06-10 22:01:41.000000', 'FINISHED', 'PROJECT', '1.2.9.3267-SNAPSHOT', 41, NULL, 6, NULL);
--INSERT INTO build_product (id, end_date, jenkins_number, name, product, result, start_date, status, type, version, branch_id, build_product_parent, jenkins_user_id, rebuild_from_build_product) VALUES (950, '2024-06-11 03:15:44.000000', '22419', 'build-project', 'SICS', 'UNSTABLE', '2024-06-10 23:02:00.000000', 'FINISHED', 'PROJECT', '1.3-B.11.0.3818-SNAPSHOT', 8, NULL, 6, NULL);
--INSERT INTO build_product (id, end_date, jenkins_number, name, product, result, start_date, status, type, version, branch_id, build_product_parent, jenkins_user_id, rebuild_from_build_product) VALUES (962, '2024-06-11 22:57:55.000000', '22429', 'build-project', 'SICS', 'SUCCESS', '2024-06-11 20:01:48.000000', 'FINISHED', 'PROJECT', '1.3-B.11.0-LAN.3820-SNAPSHOT', 23, NULL, 6, NULL);
--INSERT INTO build_product (id, end_date, jenkins_number, name, product, result, start_date, status, type, version, branch_id, build_product_parent, jenkins_user_id, rebuild_from_build_product) VALUES (967, '2024-06-12 03:01:06.000000', '22434', 'build-project', 'SICS', 'UNSTABLE', '2024-06-11 23:01:53.000000', 'FINISHED', 'PROJECT', '1.3-B.11.0.3821-SNAPSHOT', 8, NULL, 6, NULL);
--INSERT INTO build_product (id, end_date, jenkins_number, name, product, result, start_date, status, type, version, branch_id, build_product_parent, jenkins_user_id, rebuild_from_build_product) VALUES (982, '2024-06-12 22:58:48.000000', '22450', 'build-project', 'SICS', 'SUCCESS', '2024-06-12 20:02:05.000000', 'FINISHED', 'PROJECT', '1.3-B.11.0-LAN.3822-SNAPSHOT', 23, NULL, 6, NULL);
--INSERT INTO build_product (id, end_date, jenkins_number, name, product, result, start_date, status, type, version, branch_id, build_product_parent, jenkins_user_id, rebuild_from_build_product) VALUES (999, '2024-06-13 22:52:47.000000', '22468', 'build-project', 'SICS', 'SUCCESS', '2024-06-13 20:01:08.000000', 'FINISHED', 'PROJECT', '1.3-B.11.0-LAN.3823-SNAPSHOT', 23, NULL, 6, NULL);
--INSERT INTO build_product (id, end_date, jenkins_number, name, product, result, start_date, status, type, version, branch_id, build_product_parent, jenkins_user_id, rebuild_from_build_product) VALUES (1005, '2024-06-14 03:10:53.000000', '22474', 'build-project', 'SICS', 'UNSTABLE', '2024-06-13 23:01:29.000000', 'FINISHED', 'PROJECT', '1.3-B.11.0.3824-SNAPSHOT', 8, NULL, 6, NULL);
--INSERT INTO build_product (id, end_date, jenkins_number, name, product, result, start_date, status, type, version, branch_id, build_product_parent, jenkins_user_id, rebuild_from_build_product) VALUES (1011, '2024-06-14 05:27:17.000000', '22481', 'build-project', 'SICSA', 'SUCCESS', '2024-06-14 04:36:40.000000', 'FINISHED', 'PROJECT', '1.3-B.6.1.0.718-SNAPSHOT', 20, NULL, 6, NULL);
--INSERT INTO build_product (id, end_date, jenkins_number, name, product, result, start_date, status, type, version, branch_id, build_product_parent, jenkins_user_id, rebuild_from_build_product) VALUES (1014, '2024-06-15 00:00:16.000000', '22482', 'build-project', 'SICS', 'SUCCESS', '2024-06-14 20:01:24.000000', 'FINISHED', 'PROJECT', '1.3-B.11.0-LAN.3825-SNAPSHOT', 23, NULL, 6, NULL);
--INSERT INTO build_product (id, end_date, jenkins_number, name, product, result, start_date, status, type, version, branch_id, build_product_parent, jenkins_user_id, rebuild_from_build_product) VALUES (1020, '2024-06-15 03:09:28.000000', '22488', 'build-project', 'SICS', 'UNSTABLE', '2024-06-14 23:01:14.000000', 'FINISHED', 'PROJECT', '1.3-B.11.0.3826-SNAPSHOT', 8, NULL, 6, NULL);
--INSERT INTO build_product (id, end_date, jenkins_number, name, product, result, start_date, status, type, version, branch_id, build_product_parent, jenkins_user_id, rebuild_from_build_product) VALUES (1026, '2024-06-17 05:30:55.000000', '22495', 'build-project', 'SICSA', 'SUCCESS', '2024-06-17 04:37:11.000000', 'FINISHED', 'PROJECT', '1.3-B.6.1.0.720-SNAPSHOT', 20, NULL, 6, NULL);
--INSERT INTO build_product (id, end_date, jenkins_number, name, product, result, start_date, status, type, version, branch_id, build_product_parent, jenkins_user_id, rebuild_from_build_product) VALUES (1040, '2024-06-17 23:49:42.000000', '22509', 'build-project', 'SICS', 'SUCCESS', '2024-06-17 20:01:22.000000', 'FINISHED', 'PROJECT', '1.3-B.11.0-LAN.3827-SNAPSHOT', 23, NULL, 6, NULL);
--INSERT INTO build_product (id, end_date, jenkins_number, name, product, result, start_date, status, type, version, branch_id, build_product_parent, jenkins_user_id, rebuild_from_build_product) VALUES (1046, '2024-06-18 03:08:55.000000', '22515', 'build-project', 'SICS', 'SUCCESS', '2024-06-17 23:01:28.000000', 'FINISHED', 'PROJECT', '1.3-B.11.0.3828-SNAPSHOT', 8, NULL, 6, NULL);
--INSERT INTO build_product (id, end_date, jenkins_number, name, product, result, start_date, status, type, version, branch_id, build_product_parent, jenkins_user_id, rebuild_from_build_product) VALUES (1072, '2024-06-19 03:38:10.000000', '22536', 'build-project', 'SICS', 'UNSTABLE', '2024-06-18 23:01:35.000000', 'FINISHED', 'PROJECT', '1.3-B.11.0.3830-SNAPSHOT', 8, NULL, 6, NULL);
--INSERT INTO build_product (id, end_date, jenkins_number, name, product, result, start_date, status, type, version, branch_id, build_product_parent, jenkins_user_id, rebuild_from_build_product) VALUES (1103, '2024-06-20 03:01:03.000000', '22564', 'build-project', 'SICS', 'SUCCESS', '2024-06-19 23:01:44.000000', 'FINISHED', 'PROJECT', '1.3-B.11.0.3832-SNAPSHOT', 8, NULL, 6, NULL);
--INSERT INTO build_product (id, end_date, jenkins_number, name, product, result, start_date, status, type, version, branch_id, build_product_parent, jenkins_user_id, rebuild_from_build_product) VALUES (1123, '2024-06-21 03:06:25.000000', '22583', 'build-project', 'SICS', 'SUCCESS', '2024-06-20 23:01:44.000000', 'FINISHED', 'PROJECT', '1.3-B.11.0.3834-SNAPSHOT', 8, NULL, 6, NULL);
--INSERT INTO build_product (id, end_date, jenkins_number, name, product, result, start_date, status, type, version, branch_id, build_product_parent, jenkins_user_id, rebuild_from_build_product) VALUES (1154, '2024-06-25 03:27:32.000000', '22613', 'build-project', 'SICS', 'SUCCESS', '2024-06-24 23:02:03.000000', 'FINISHED', 'PROJECT', '1.3-B.11.0.3838-SNAPSHOT', 8, NULL, 6, NULL);
--INSERT INTO build_product (id, end_date, jenkins_number, name, product, result, start_date, status, type, version, branch_id, build_product_parent, jenkins_user_id, rebuild_from_build_product) VALUES (1177, '2024-06-26 03:24:49.000000', '22634', 'build-project', 'SICS', 'UNSTABLE', '2024-06-25 23:01:14.000000', 'FINISHED', 'PROJECT', '1.3-B.11.0.3840-SNAPSHOT', 8, NULL, 6, NULL);
--INSERT INTO build_product (id, end_date, jenkins_number, name, product, result, start_date, status, type, version, branch_id, build_product_parent, jenkins_user_id, rebuild_from_build_product) VALUES (1183, '2024-06-26 05:41:21.000000', '22640', 'build-project', 'SICSA', 'UNSTABLE', '2024-06-26 04:38:41.000000', 'FINISHED', 'PROJECT', '1.3-B.6.1.0.749-SNAPSHOT', 20, NULL, 6, NULL);
--INSERT INTO build_product (id, end_date, jenkins_number, name, product, result, start_date, status, type, version, branch_id, build_product_parent, jenkins_user_id, rebuild_from_build_product) VALUES (1193, '2024-06-27 03:12:53.000000', '22649', 'build-project', 'SICS', 'UNSTABLE', '2024-06-26 23:01:08.000000', 'FINISHED', 'PROJECT', '1.3-B.11.0.3842-SNAPSHOT', 8, NULL, 6, NULL);
--INSERT INTO build_product (id, end_date, jenkins_number, name, product, result, start_date, status, type, version, branch_id, build_product_parent, jenkins_user_id, rebuild_from_build_product) VALUES (1207, '2024-06-28 03:28:54.000000', '22662', 'build-project', 'SICS', 'SUCCESS', '2024-06-27 23:01:16.000000', 'FINISHED', 'PROJECT', '1.3-B.11.0.3844-SNAPSHOT', 8, NULL, 6, NULL);
--INSERT INTO build_product (id, end_date, jenkins_number, name, product, result, start_date, status, type, version, branch_id, build_product_parent, jenkins_user_id, rebuild_from_build_product) VALUES (1215, '2024-06-28 07:36:37.000000', '22670', 'build-project', 'SICSA', 'SUCCESS', '2024-06-28 06:35:18.000000', 'FINISHED', 'PROJECT', '1.3-B.6.1.0.753-SNAPSHOT', 20, NULL, 6, NULL);
--INSERT INTO build_product (id, end_date, jenkins_number, name, product, result, start_date, status, type, version, branch_id, build_product_parent, jenkins_user_id, rebuild_from_build_product) VALUES (1229, '2024-06-29 03:29:36.000000', '22683', 'build-project', 'SICS', 'SUCCESS', '2024-06-28 23:01:27.000000', 'FINISHED', 'PROJECT', '1.3-B.11.0.3846-SNAPSHOT', 8, NULL, 6, NULL);
--INSERT INTO build_product (id, end_date, jenkins_number, name, product, result, start_date, status, type, version, branch_id, build_product_parent, jenkins_user_id, rebuild_from_build_product) VALUES (1237, '2024-07-01 06:57:48.000000', '22691', 'build-project', 'SICSA', 'SUCCESS', '2024-07-01 06:03:05.000000', 'FINISHED', 'PROJECT', '1.3-B.6.1.0.757-SNAPSHOT', 20, NULL, 6, NULL);
--INSERT INTO build_product (id, end_date, jenkins_number, name, product, result, start_date, status, type, version, branch_id, build_product_parent, jenkins_user_id, rebuild_from_build_product) VALUES (1248, '2024-07-02 00:53:19.000000', '22698', 'build-project', 'SICS', 'SUCCESS', '2024-07-01 20:01:27.000000', 'FINISHED', 'PROJECT', '1.3-B.11.0.3850-SNAPSHOT', 8, NULL, 6, NULL);
--INSERT INTO build_product (id, end_date, jenkins_number, name, product, result, start_date, status, type, version, branch_id, build_product_parent, jenkins_user_id, rebuild_from_build_product) VALUES (1262, '2024-07-02 07:25:23.000000', '22712', 'build-project', 'SICSA', 'UNSTABLE', '2024-07-02 06:14:28.000000', 'FINISHED', 'PROJECT', '1.3-B.7.1.0.759-SNAPSHOT', 20, NULL, 6, NULL);
--INSERT INTO build_product (id, end_date, jenkins_number, name, product, result, start_date, status, type, version, branch_id, build_product_parent, jenkins_user_id, rebuild_from_build_product) VALUES (1269, '2024-07-03 00:02:41.000000', '22717', 'build-project', 'SICS', 'SUCCESS', '2024-07-02 20:01:28.000000', 'FINISHED', 'PROJECT', '1.3-B.11.0.3853-SNAPSHOT', 8, NULL, 6, NULL);
--INSERT INTO build_product (id, end_date, jenkins_number, name, product, result, start_date, status, type, version, branch_id, build_product_parent, jenkins_user_id, rebuild_from_build_product) VALUES (1281, '2024-07-03 08:22:12.000000', '22729', 'build-project', 'SICSA', 'SUCCESS', '2024-07-03 07:23:56.000000', 'FINISHED', 'PROJECT', '1.3-B.7.1.0.760-SNAPSHOT', 20, NULL, 6, NULL);
--INSERT INTO build_product (id, end_date, jenkins_number, name, product, result, start_date, status, type, version, branch_id, build_product_parent, jenkins_user_id, rebuild_from_build_product) VALUES (1287, '2024-07-04 00:12:10.000000', '22734', 'build-project', 'SICS', 'UNSTABLE', '2024-07-03 20:01:35.000000', 'FINISHED', 'PROJECT', '1.3-B.11.0.3856-SNAPSHOT', 8, NULL, 6, NULL);
--INSERT INTO build_product (id, end_date, jenkins_number, name, product, result, start_date, status, type, version, branch_id, build_product_parent, jenkins_user_id, rebuild_from_build_product) VALUES (1292, '2024-07-04 02:46:45.000000', '22739', 'build-project', 'SICS', 'SUCCESS', '2024-07-03 23:01:40.000000', 'FINISHED', 'PROJECT', '1.3-B.11.0-LAN.3857-SNAPSHOT', 23, NULL, 6, NULL);
--INSERT INTO build_product (id, end_date, jenkins_number, name, product, result, start_date, status, type, version, branch_id, build_product_parent, jenkins_user_id, rebuild_from_build_product) VALUES (1305, '2024-07-05 00:16:35.000000', '22753', 'build-project', 'SICS', 'SUCCESS', '2024-07-04 20:01:37.000000', 'FINISHED', 'PROJECT', '1.3-B.11.0.3862-SNAPSHOT', 8, NULL, 6, NULL);
--INSERT INTO build_product (id, end_date, jenkins_number, name, product, result, start_date, status, type, version, branch_id, build_product_parent, jenkins_user_id, rebuild_from_build_product) VALUES (1317, '2024-07-05 07:04:53.000000', '22765', 'build-project', 'SICSA', 'UNSTABLE', '2024-07-05 06:07:08.000000', 'FINISHED', 'PROJECT', '1.3-B.7.1.0.763-SNAPSHOT', 20, NULL, 6, NULL);
--INSERT INTO build_product (id, end_date, jenkins_number, name, product, result, start_date, status, type, version, branch_id, build_product_parent, jenkins_user_id, rebuild_from_build_product) VALUES (1321, '2024-07-06 00:07:24.000000', '22768', 'build-project', 'SICS', 'SUCCESS', '2024-07-05 20:01:44.000000', 'FINISHED', 'PROJECT', '1.3-B.11.0.3864-SNAPSHOT', 8, NULL, 6, NULL);
--INSERT INTO build_product (id, end_date, jenkins_number, name, product, result, start_date, status, type, version, branch_id, build_product_parent, jenkins_user_id, rebuild_from_build_product) VALUES (1326, '2024-07-06 03:15:42.000000', '22773', 'build-project', 'SICS', 'SUCCESS', '2024-07-05 23:01:55.000000', 'FINISHED', 'PROJECT', '1.3-B.11.0.3865-SNAPSHOT', 8, NULL, 6, NULL);
--INSERT INTO build_product (id, end_date, jenkins_number, name, product, result, start_date, status, type, version, branch_id, build_product_parent, jenkins_user_id, rebuild_from_build_product) VALUES (1334, '2024-07-08 07:14:27.000000', '22780', 'build-project', 'SICSA', 'UNSTABLE', '2024-07-08 06:15:27.000000', 'FINISHED', 'PROJECT', '1.3-B.7.1.0.764-SNAPSHOT', 20, NULL, 6, NULL);
--INSERT INTO build_product (id, end_date, jenkins_number, name, product, result, start_date, status, type, version, branch_id, build_product_parent, jenkins_user_id, rebuild_from_build_product) VALUES (1361, '2024-07-10 00:16:34.000000', '22806', 'build-project', 'SICS', 'SUCCESS', '2024-07-09 20:02:00.000000', 'FINISHED', 'PROJECT', '1.3-B.11.0.3868-SNAPSHOT', 8, NULL, 6, NULL);
--INSERT INTO build_product (id, end_date, jenkins_number, name, product, result, start_date, status, type, version, branch_id, build_product_parent, jenkins_user_id, rebuild_from_build_product) VALUES (1382, '2024-07-11 00:11:27.000000', '22827', 'build-project', 'SICS', 'SUCCESS', '2024-07-10 20:01:26.000000', 'FINISHED', 'PROJECT', '1.3-B.11.0.3870-SNAPSHOT', 8, NULL, 6, NULL);
--INSERT INTO build_product (id, end_date, jenkins_number, name, product, result, start_date, status, type, version, branch_id, build_product_parent, jenkins_user_id, rebuild_from_build_product) VALUES (1393, '2024-07-11 05:44:07.000000', '22837', 'build-project', 'SICSA', 'UNSTABLE', '2024-07-11 04:42:04.000000', 'FINISHED', 'PROJECT', '1.3-B.7.1.0.770-SNAPSHOT', 21, NULL, 6, NULL);
--INSERT INTO build_product (id, end_date, jenkins_number, name, product, result, start_date, status, type, version, branch_id, build_product_parent, jenkins_user_id, rebuild_from_build_product) VALUES (1406, '2024-07-11 23:54:25.000000', '22845', 'build-project', 'SICS', 'UNSTABLE', '2024-07-11 20:01:13.000000', 'FINISHED', 'PROJECT', '1.3-B.11.0.3872-SNAPSHOT', 8, NULL, 6, NULL);
--INSERT INTO build_product (id, end_date, jenkins_number, name, product, result, start_date, status, type, version, branch_id, build_product_parent, jenkins_user_id, rebuild_from_build_product) VALUES (1413, '2024-07-12 01:46:40.000000', '22852', 'build-project', 'SICSD', 'SUCCESS', '2024-07-12 01:28:34.000000', 'FINISHED', 'PROJECT', '1.3-B.5.0.0.3298-SNAPSHOT', 43, NULL, 6, NULL);
--INSERT INTO build_product (id, end_date, jenkins_number, name, product, result, start_date, status, type, version, branch_id, build_product_parent, jenkins_user_id, rebuild_from_build_product) VALUES (1416, '2024-07-12 05:31:29.000000', '22854', 'build-project', 'SICSA', 'SUCCESS', '2024-07-12 04:36:58.000000', 'FINISHED', 'PROJECT', '1.3-B.7.1.0.772-SNAPSHOT', 21, NULL, 6, NULL);
--INSERT INTO build_product (id, end_date, jenkins_number, name, product, result, start_date, status, type, version, branch_id, build_product_parent, jenkins_user_id, rebuild_from_build_product) VALUES (1438, '2024-07-16 00:04:49.000000', '22870', 'build-project', 'SICS', 'SUCCESS', '2024-07-15 20:01:22.000000', 'FINISHED', 'PROJECT', '1.3-B.11.0.3874-SNAPSHOT', 8, NULL, 6, NULL);
--INSERT INTO build_product (id, end_date, jenkins_number, name, product, result, start_date, status, type, version, branch_id, build_product_parent, jenkins_user_id, rebuild_from_build_product) VALUES (1462, '2024-07-16 23:56:29.000000', '22894', 'build-project', 'SICS', 'SUCCESS', '2024-07-16 20:01:25.000000', 'FINISHED', 'PROJECT', '1.3-B.11.0.3878-SNAPSHOT', 8, NULL, 6, NULL);
--INSERT INTO build_product (id, end_date, jenkins_number, name, product, result, start_date, status, type, version, branch_id, build_product_parent, jenkins_user_id, rebuild_from_build_product) VALUES (1472, '2024-07-17 04:44:21.000000', '22904', 'build-project', 'SICSD', 'SUCCESS', '2024-07-17 04:22:22.000000', 'FINISHED', 'PROJECT', '1.3-B.5.1.0.3305-SNAPSHOT', 43, NULL, 6, NULL);
--INSERT INTO build_product (id, end_date, jenkins_number, name, product, result, start_date, status, type, version, branch_id, build_product_parent, jenkins_user_id, rebuild_from_build_product) VALUES (1470, '2024-07-17 04:42:08.000000', '22902', 'build-project', 'SICSA', 'SUCCESS', '2024-07-17 03:41:35.000000', 'FINISHED', 'PROJECT', '1.3-B.7.1.0.782-SNAPSHOT', 21, NULL, 6, NULL);
--INSERT INTO build_product (id, end_date, jenkins_number, name, product, result, start_date, status, type, version, branch_id, build_product_parent, jenkins_user_id, rebuild_from_build_product) VALUES (1484, '2024-07-18 00:08:27.000000', '22914', 'build-project', 'SICS', 'UNSTABLE', '2024-07-17 20:01:32.000000', 'FINISHED', 'PROJECT', '1.3-B.11.0.3880-SNAPSHOT', 8, NULL, 6, NULL);
--INSERT INTO build_product (id, end_date, jenkins_number, name, product, result, start_date, status, type, version, branch_id, build_product_parent, jenkins_user_id, rebuild_from_build_product) VALUES (1494, '2024-07-18 04:43:43.000000', '22924', 'build-project', 'SICSD', 'SUCCESS', '2024-07-18 04:25:54.000000', 'FINISHED', 'PROJECT', '1.3-B.5.1.0.3306-SNAPSHOT', 43, NULL, 6, NULL);
--INSERT INTO build_product (id, end_date, jenkins_number, name, product, result, start_date, status, type, version, branch_id, build_product_parent, jenkins_user_id, rebuild_from_build_product) VALUES (1495, '2024-07-18 05:32:41.000000', '22925', 'build-project', 'SICSA', 'SUCCESS', '2024-07-18 04:37:16.000000', 'FINISHED', 'PROJECT', '1.3-B.7.1.0.786-SNAPSHOT', 21, NULL, 6, NULL);
--INSERT INTO build_product (id, end_date, jenkins_number, name, product, result, start_date, status, type, version, branch_id, build_product_parent, jenkins_user_id, rebuild_from_build_product) VALUES (1507, '2024-07-19 00:15:38.000000', '22937', 'build-project', 'SICS', 'SUCCESS', '2024-07-18 20:01:32.000000', 'FINISHED', 'PROJECT', '1.3-B.11.1-MISSION.3882-SNAPSHOT', 8, NULL, 6, NULL);
--INSERT INTO build_product (id, end_date, jenkins_number, name, product, result, start_date, status, type, version, branch_id, build_product_parent, jenkins_user_id, rebuild_from_build_product) VALUES (1517, '2024-07-19 04:15:09.000000', '22947', 'build-project', 'SICSD', 'SUCCESS', '2024-07-19 03:57:17.000000', 'FINISHED', 'PROJECT', '1.3-B.5.1.0.3307-SNAPSHOT', 43, NULL, 6, NULL);
--INSERT INTO build_product (id, end_date, jenkins_number, name, product, result, start_date, status, type, version, branch_id, build_product_parent, jenkins_user_id, rebuild_from_build_product) VALUES (1516, '2024-07-19 04:44:14.000000', '22946', 'build-project', 'SICSA', 'SUCCESS', '2024-07-19 03:41:32.000000', 'FINISHED', 'PROJECT', '1.3-B.7.1.1.789-SNAPSHOT', 21, NULL, 6, NULL);
--INSERT INTO build_product (id, end_date, jenkins_number, name, product, result, start_date, status, type, version, branch_id, build_product_parent, jenkins_user_id, rebuild_from_build_product) VALUES (1522, '2024-07-20 00:09:09.000000', '22950', 'build-project', 'SICS', 'SUCCESS', '2024-07-19 20:01:42.000000', 'FINISHED', 'PROJECT', '1.3-B.11.0.3884-SNAPSHOT', 8, NULL, 6, NULL);
--INSERT INTO build_product (id, end_date, jenkins_number, name, product, result, start_date, status, type, version, branch_id, build_product_parent, jenkins_user_id, rebuild_from_build_product) VALUES (1532, '2024-07-22 04:34:00.000000', '22960', 'build-project', 'SICSD', 'SUCCESS', '2024-07-22 04:16:49.000000', 'FINISHED', 'PROJECT', '1.3-B.5.1.0.3308-SNAPSHOT', 43, NULL, 6, NULL);
--INSERT INTO build_product (id, end_date, jenkins_number, name, product, result, start_date, status, type, version, branch_id, build_product_parent, jenkins_user_id, rebuild_from_build_product) VALUES (1530, '2024-07-22 04:38:06.000000', '22958', 'build-project', 'SICSA', 'UNSTABLE', '2024-07-22 03:41:17.000000', 'FINISHED', 'PROJECT', '1.3-B.7.1.1.791-SNAPSHOT', 21, NULL, 6, NULL);
--INSERT INTO build_product (id, end_date, jenkins_number, name, product, result, start_date, status, type, version, branch_id, build_product_parent, jenkins_user_id, rebuild_from_build_product) VALUES (1548, '2024-07-23 00:12:24.000000', '22970', 'build-project', 'SICS', 'UNSTABLE', '2024-07-22 20:01:11.000000', 'FINISHED', 'PROJECT', '1.3-B.11.0.3886-SNAPSHOT', 8, NULL, 6, NULL);
--INSERT INTO build_product (id, end_date, jenkins_number, name, product, result, start_date, status, type, version, branch_id, build_product_parent, jenkins_user_id, rebuild_from_build_product) VALUES (1558, '2024-07-23 04:19:32.000000', '22980', 'build-project', 'SICSD', 'SUCCESS', '2024-07-23 04:00:19.000000', 'FINISHED', 'PROJECT', '1.3-B.5.1.0.3309-SNAPSHOT', 43, NULL, 6, NULL);
--INSERT INTO build_product (id, end_date, jenkins_number, name, product, result, start_date, status, type, version, branch_id, build_product_parent, jenkins_user_id, rebuild_from_build_product) VALUES (1561, '2024-07-23 08:33:54.000000', '22982', 'build-project', 'SICSA', 'ABORTED', '2024-07-23 06:06:43.000000', 'FINISHED', 'PROJECT', '1.3-B.7.2.0.793-SNAPSHOT', 20, NULL, 6, NULL);
--INSERT INTO build_product (id, end_date, jenkins_number, name, product, result, start_date, status, type, version, branch_id, build_product_parent, jenkins_user_id, rebuild_from_build_product) VALUES (1574, '2024-07-24 00:12:00.000000', '22994', 'build-project', 'SICS', 'SUCCESS', '2024-07-23 20:01:00.000000', 'FINISHED', 'PROJECT', '1.3-B.11.0.3888-SNAPSHOT', 8, NULL, 6, NULL);
--INSERT INTO build_product (id, end_date, jenkins_number, name, product, result, start_date, status, type, version, branch_id, build_product_parent, jenkins_user_id, rebuild_from_build_product) VALUES (1584, '2024-07-24 04:14:19.000000', '23004', 'build-project', 'SICSD', 'SUCCESS', '2024-07-24 03:56:51.000000', 'FINISHED', 'PROJECT', '1.3-B.5.1.0.3317-SNAPSHOT', 43, NULL, 6, NULL);
--INSERT INTO build_product (id, end_date, jenkins_number, name, product, result, start_date, status, type, version, branch_id, build_product_parent, jenkins_user_id, rebuild_from_build_product) VALUES (1587, '2024-07-24 07:14:12.000000', '23006', 'build-project', 'SICSA', 'SUCCESS', '2024-07-24 06:18:18.000000', 'FINISHED', 'PROJECT', '1.3-B.7.2.0.796-SNAPSHOT', 20, NULL, 6, NULL);
--INSERT INTO build_product (id, end_date, jenkins_number, name, product, result, start_date, status, type, version, branch_id, build_product_parent, jenkins_user_id, rebuild_from_build_product) VALUES (1591, '2024-07-25 00:03:07.000000', '23009', 'build-project', 'SICS', 'UNSTABLE', '2024-07-24 20:01:01.000000', 'FINISHED', 'PROJECT', '1.3-B.11.0.3890-SNAPSHOT', 8, NULL, 6, NULL);
--INSERT INTO build_product (id, end_date, jenkins_number, name, product, result, start_date, status, type, version, branch_id, build_product_parent, jenkins_user_id, rebuild_from_build_product) VALUES (1601, '2024-07-25 04:10:19.000000', '23019', 'build-project', 'SICSD', 'SUCCESS', '2024-07-25 03:54:01.000000', 'FINISHED', 'PROJECT', '1.3-B.5.2.0.3318-SNAPSHOT', 43, NULL, 6, NULL);
--INSERT INTO build_product (id, end_date, jenkins_number, name, product, result, start_date, status, type, version, branch_id, build_product_parent, jenkins_user_id, rebuild_from_build_product) VALUES (1604, '2024-07-25 07:03:58.000000', '23021', 'build-project', 'SICSA', 'SUCCESS', '2024-07-25 06:03:55.000000', 'FINISHED', 'PROJECT', '1.3-B.7.2.0.797-SNAPSHOT', 20, NULL, 6, NULL);
--INSERT INTO build_product (id, end_date, jenkins_number, name, product, result, start_date, status, type, version, branch_id, build_product_parent, jenkins_user_id, rebuild_from_build_product) VALUES (1606, '2024-07-26 00:22:08.000000', '23022', 'build-project', 'SICS', 'SUCCESS', '2024-07-25 20:01:10.000000', 'FINISHED', 'PROJECT', '1.3-B.12.0.3892-SNAPSHOT', 8, NULL, 6, NULL);
--INSERT INTO build_product (id, end_date, jenkins_number, name, product, result, start_date, status, type, version, branch_id, build_product_parent, jenkins_user_id, rebuild_from_build_product) VALUES (1617, '2024-07-26 04:18:49.000000', '23033', 'build-project', 'SICSD', 'SUCCESS', '2024-07-26 04:00:43.000000', 'FINISHED', 'PROJECT', '1.3-B.5.2.0.3319-SNAPSHOT', 43, NULL, 6, NULL);
--INSERT INTO build_product (id, end_date, jenkins_number, name, product, result, start_date, status, type, version, branch_id, build_product_parent, jenkins_user_id, rebuild_from_build_product) VALUES (1620, '2024-07-26 07:35:23.000000', '23035', 'build-project', 'SICSA', 'SUCCESS', '2024-07-26 06:39:20.000000', 'FINISHED', 'PROJECT', '1.3-B.7.2.0.798-SNAPSHOT', 20, NULL, 6, NULL);
--INSERT INTO build_product (id, end_date, jenkins_number, name, product, result, start_date, status, type, version, branch_id, build_product_parent, jenkins_user_id, rebuild_from_build_product) VALUES (1624, '2024-07-27 00:10:15.000000', '23038', 'build-project', 'SICS', 'UNSTABLE', '2024-07-26 20:01:25.000000', 'FINISHED', 'PROJECT', '1.3-B.12.0.3896-SNAPSHOT', 8, NULL, 6, NULL);
--INSERT INTO build_product (id, end_date, jenkins_number, name, product, result, start_date, status, type, version, branch_id, build_product_parent, jenkins_user_id, rebuild_from_build_product) VALUES (1635, '2024-07-29 04:17:31.000000', '23049', 'build-project', 'SICSD', 'SUCCESS', '2024-07-29 03:59:54.000000', 'FINISHED', 'PROJECT', '1.3-B.5.2.0.3320-SNAPSHOT', 43, NULL, 6, NULL);
--INSERT INTO build_product (id, end_date, jenkins_number, name, product, result, start_date, status, type, version, branch_id, build_product_parent, jenkins_user_id, rebuild_from_build_product) VALUES (1638, '2024-07-29 07:08:59.000000', '23051', 'build-project', 'SICSA', 'UNSTABLE', '2024-07-29 06:08:22.000000', 'FINISHED', 'PROJECT', '1.3-B.7.2.0.799-SNAPSHOT', 20, NULL, 6, NULL);
--INSERT INTO build_product (id, end_date, jenkins_number, name, product, result, start_date, status, type, version, branch_id, build_product_parent, jenkins_user_id, rebuild_from_build_product) VALUES (1653, '2024-07-30 00:20:29.000000', '23055', 'build-project', 'SICS', 'UNSTABLE', '2024-07-29 20:01:22.000000', 'FINISHED', 'PROJECT', '1.3-B.12.0.3901-SNAPSHOT', 8, NULL, 6, NULL);
--INSERT INTO build_product (id, end_date, jenkins_number, name, product, result, start_date, status, type, version, branch_id, build_product_parent, jenkins_user_id, rebuild_from_build_product) VALUES (1666, '2024-07-30 07:05:07.000000', '23068', 'build-project', 'SICSA', 'UNSTABLE', '2024-07-30 06:08:18.000000', 'FINISHED', 'PROJECT', '1.3-B.7.2.0.800-SNAPSHOT', 20, NULL, 6, NULL);
--INSERT INTO build_product (id, end_date, jenkins_number, name, product, result, start_date, status, type, version, branch_id, build_product_parent, jenkins_user_id, rebuild_from_build_product) VALUES (1681, '2024-07-30 23:58:17.000000', '23080', 'build-project', 'SICS', 'SUCCESS', '2024-07-30 20:01:26.000000', 'FINISHED', 'PROJECT', '1.3-B.12.0.3904-SNAPSHOT', 8, NULL, 6, NULL);
--INSERT INTO build_product (id, end_date, jenkins_number, name, product, result, start_date, status, type, version, branch_id, build_product_parent, jenkins_user_id, rebuild_from_build_product) VALUES (1696, '2024-08-01 00:00:29.000000', '23095', 'build-project', 'SICS', 'SUCCESS', '2024-07-31 20:01:08.000000', 'FINISHED', 'PROJECT', '1.3-B.12.0.3907-SNAPSHOT', 8, NULL, 6, NULL);
--INSERT INTO build_product (id, end_date, jenkins_number, name, product, result, start_date, status, type, version, branch_id, build_product_parent, jenkins_user_id, rebuild_from_build_product) VALUES (1709, '2024-08-01 07:06:25.000000', '23108', 'build-project', 'SICSA', 'UNSTABLE', '2024-08-01 06:09:29.000000', 'FINISHED', 'PROJECT', '1.3-B.7.2.0.804-SNAPSHOT', 20, NULL, 6, NULL);
--INSERT INTO build_product (id, end_date, jenkins_number, name, product, result, start_date, status, type, version, branch_id, build_product_parent, jenkins_user_id, rebuild_from_build_product) VALUES (1717, '2024-08-02 00:06:03.000000', '23109', 'build-project', 'SICS', 'UNSTABLE', '2024-08-01 20:00:45.000000', 'FINISHED', 'PROJECT', '1.3-B.12.0.3910-SNAPSHOT', 8, NULL, 6, NULL);
--INSERT INTO build_product (id, end_date, jenkins_number, name, product, result, start_date, status, type, version, branch_id, build_product_parent, jenkins_user_id, rebuild_from_build_product) VALUES (1729, '2024-08-02 07:17:45.000000', '23121', 'build-project', 'SICSA', 'UNSTABLE', '2024-08-02 06:22:18.000000', 'FINISHED', 'PROJECT', '1.3-B.7.2.0.805-SNAPSHOT', 20, NULL, 6, NULL);
--
--
--INSERT INTO deploy_pf (id, end_date, jenkins_number, machines, name, pf_name, result, start_date, build_product_id, jenkins_user_id) VALUES (422, '2024-08-02 08:07:30.000000', '460', 'ALAT-1,ALAT-2,ALAT-T1,', 'deploy-sicsa', 'AIX_SICSD_PF_DEV', 'FAILURE', '2024-08-02 08:02:35.000000', 1729, 6);
--INSERT INTO deploy_pf (id, end_date, jenkins_number, machines, name, pf_name, result, start_date, build_product_id, jenkins_user_id) VALUES (421, '2024-08-02 00:56:33.000000', '331', '192.168.1.1,192.168.1.2,192.168.1.3,192.168.1.31,192.168.1.41,192.168.1.42,192.168.1.43,192.168.1.44,192.168.1.51,192.168.1.52,192.168.1.61,192.168.1.62,192.168.1.63,192.168.1.71,192.168.1.72,192.168.1.81,192.168.1.82,192.168.4.1,192.168.4.3,192.168.4.31,192.168.4.41,192.168.4.42,192.168.4.43,192.168.4.44,192.168.4.51,192.168.4.52,192.168.4.61,192.168.4.62,192.168.4.63,192.168.4.71,192.168.4.72,192.168.4.81', 'deploy-sics', 'AIX_SICS_PF_DEV', 'SUCCESS', '2024-08-02 00:22:12.000000', 1717, 6);
--INSERT INTO deploy_pf (id, end_date, jenkins_number, machines, name, pf_name, result, start_date, build_product_id, jenkins_user_id) VALUES (420, '2024-08-02 00:41:11.000000', '330', '192.168.0.12,192.168.0.13', 'deploy-sics', 'AIX_ENGIE_PF', 'SUCCESS', '2024-08-02 00:22:12.000000', 1717, 6);
--INSERT INTO deploy_pf (id, end_date, jenkins_number, machines, name, pf_name, result, start_date, build_product_id, jenkins_user_id) VALUES (419, '2024-08-01 07:52:26.000000', '459', 'ALAT-1,ALAT-2,ALAT-T1,', 'deploy-sicsa', 'AIX_SICSD_PF_DEV', 'FAILURE', '2024-08-01 07:50:44.000000', 1709, 6);
--INSERT INTO deploy_pf (id, end_date, jenkins_number, machines, name, pf_name, result, start_date, build_product_id, jenkins_user_id) VALUES (418, '2024-08-01 11:13:52.000000', '328', '192.168.1.1,192.168.1.2,192.168.1.3,192.168.1.31,192.168.1.41,192.168.1.42,192.168.1.43,192.168.1.44,192.168.1.51,192.168.1.52,192.168.1.61,192.168.1.62,192.168.1.63,192.168.1.71,192.168.1.72,192.168.1.81,192.168.1.82,192.168.4.1,192.168.4.3,192.168.4.31,192.168.4.41,192.168.4.42,192.168.4.43,192.168.4.44,192.168.4.51,192.168.4.52,192.168.4.61,192.168.4.62,192.168.4.63,192.168.4.71,192.168.4.72,192.168.4.81', 'deploy-sics', 'AIX_SICS_PF_DEV', 'ABORTED', '2024-08-01 00:15:32.000000', 1696, 6);
--INSERT INTO deploy_pf (id, end_date, jenkins_number, machines, name, pf_name, result, start_date, build_product_id, jenkins_user_id) VALUES (417, '2024-08-01 00:35:40.000000', '329', '192.168.0.12,192.168.0.13', 'deploy-sics', 'AIX_ENGIE_PF', 'SUCCESS', '2024-08-01 00:15:32.000000', 1696, 6);
--INSERT INTO deploy_pf (id, end_date, jenkins_number, machines, name, pf_name, result, start_date, build_product_id, jenkins_user_id) VALUES (416, '2024-07-31 00:33:45.000000', '327', '192.168.0.12,192.168.0.13', 'deploy-sics', 'AIX_ENGIE_PF', 'SUCCESS', '2024-07-31 00:14:18.000000', 1681, 6);
--INSERT INTO deploy_pf (id, end_date, jenkins_number, machines, name, pf_name, result, start_date, build_product_id, jenkins_user_id) VALUES (415, '2024-07-31 00:51:49.000000', '326', '192.168.1.1,192.168.1.2,192.168.1.3,192.168.1.31,192.168.1.41,192.168.1.42,192.168.1.43,192.168.1.44,192.168.1.51,192.168.1.52,192.168.1.61,192.168.1.62,192.168.1.63,192.168.1.71,192.168.1.72,192.168.1.81,192.168.1.82,192.168.4.1,192.168.4.3,192.168.4.31,192.168.4.41,192.168.4.42,192.168.4.43,192.168.4.44,192.168.4.51,192.168.4.52,192.168.4.61,192.168.4.62,192.168.4.63,192.168.4.71,192.168.4.72,192.168.4.81', 'deploy-sics', 'AIX_SICS_PF_DEV', 'SUCCESS', '2024-07-31 00:14:18.000000', 1681, 6);
--INSERT INTO deploy_pf (id, end_date, jenkins_number, machines, name, pf_name, result, start_date, build_product_id, jenkins_user_id) VALUES (414, '2024-07-30 07:50:40.000000', '456', 'ALAT-1,ALAT-2,ALAT-T1,', 'deploy-sicsa', 'AIX_SICSD_PF_DEV', 'FAILURE', '2024-07-30 07:49:05.000000', 1666, 6);
--INSERT INTO deploy_pf (id, end_date, jenkins_number, machines, name, pf_name, result, start_date, build_product_id, jenkins_user_id) VALUES (413, '2024-07-30 01:49:06.000000', '323', '192.168.1.1,192.168.1.2,192.168.1.3,192.168.1.31,192.168.1.41,192.168.1.42,192.168.1.43,192.168.1.44,192.168.1.51,192.168.1.52,192.168.1.61,192.168.1.62,192.168.1.63,192.168.1.71,192.168.1.72,192.168.1.81,192.168.1.82,192.168.4.1,192.168.4.3,192.168.4.31,192.168.4.41,192.168.4.42,192.168.4.43,192.168.4.44,192.168.4.51,192.168.4.52,192.168.4.61,192.168.4.62,192.168.4.63,192.168.4.71,192.168.4.72,192.168.4.81', 'deploy-sics', 'AIX_SICS_PF_DEV', 'UNSTABLE', '2024-07-30 00:35:45.000000', 1653, 6);
--INSERT INTO deploy_pf (id, end_date, jenkins_number, machines, name, pf_name, result, start_date, build_product_id, jenkins_user_id) VALUES (412, '2024-07-30 00:55:18.000000', '324', '192.168.0.12,192.168.0.13', 'deploy-sics', 'AIX_ENGIE_PF', 'UNSTABLE', '2024-07-30 00:35:45.000000', 1653, 6);
--INSERT INTO deploy_pf (id, end_date, jenkins_number, machines, name, pf_name, result, start_date, build_product_id, jenkins_user_id) VALUES (411, '2024-07-29 08:00:00.000000', '454', 'ALAT-1,ALAT-2,ALAT-T1,', 'deploy-sicsa', 'AIX_SICSD_PF_DEV', 'FAILURE', '2024-07-29 07:54:41.000000', 1638, 6);
--INSERT INTO deploy_pf (id, end_date, jenkins_number, machines, name, pf_name, result, start_date, build_product_id, jenkins_user_id) VALUES (410, '2024-07-29 04:38:08.000000', '88', 'ERR-2,ERR-4,DEVICE-ANDROID-2,DEVICE-ANDROID-4,TABLETTE-1,', 'deploy-sicsd', 'AIX_SICSD_PF_DEV', 'SUCCESS', '2024-07-29 04:24:33.000000', 1635, 6);
--INSERT INTO deploy_pf (id, end_date, jenkins_number, machines, name, pf_name, result, start_date, build_product_id, jenkins_user_id) VALUES (409, '2024-07-27 00:58:06.000000', '320', '192.168.0.12,192.168.0.13', 'deploy-sics', 'AIX_ENGIE_PF', 'SUCCESS', '2024-07-27 00:37:28.000000', 1624, 6);
--INSERT INTO deploy_pf (id, end_date, jenkins_number, machines, name, pf_name, result, start_date, build_product_id, jenkins_user_id) VALUES (408, '2024-07-27 01:14:11.000000', '319', '192.168.1.1,192.168.1.2,192.168.1.3,192.168.1.31,192.168.1.41,192.168.1.42,192.168.1.43,192.168.1.44,192.168.1.51,192.168.1.52,192.168.1.61,192.168.1.62,192.168.1.63,192.168.1.71,192.168.1.72,192.168.1.81,192.168.1.82,192.168.4.1,192.168.4.3,192.168.4.31,192.168.4.41,192.168.4.42,192.168.4.43,192.168.4.44,192.168.4.51,192.168.4.52,192.168.4.61,192.168.4.62,192.168.4.63,192.168.4.71,192.168.4.72,192.168.4.81', 'deploy-sics', 'AIX_SICS_PF_DEV', 'SUCCESS', '2024-07-27 00:37:28.000000', 1624, 6);
--INSERT INTO deploy_pf (id, end_date, jenkins_number, machines, name, pf_name, result, start_date, build_product_id, jenkins_user_id) VALUES (407, '2024-07-26 08:31:52.000000', '453', 'ALAT-1,ALAT-2,ALAT-T1,', 'deploy-sicsa', 'AIX_SICSD_PF_DEV', 'SUCCESS', '2024-07-26 08:22:51.000000', 1620, 6);
--INSERT INTO deploy_pf (id, end_date, jenkins_number, machines, name, pf_name, result, start_date, build_product_id, jenkins_user_id) VALUES (406, '2024-07-26 04:40:18.000000', '87', 'ERR-2,ERR-4,DEVICE-ANDROID-2,DEVICE-ANDROID-4,TABLETTE-1,', 'deploy-sicsd', 'AIX_SICSD_PF_DEV', 'SUCCESS', '2024-07-26 04:27:04.000000', 1617, 6);
--INSERT INTO deploy_pf (id, end_date, jenkins_number, machines, name, pf_name, result, start_date, build_product_id, jenkins_user_id) VALUES (405, '2024-07-26 01:31:26.000000', '317', '192.168.1.1,192.168.1.2,192.168.1.3,192.168.1.31,192.168.1.41,192.168.1.42,192.168.1.43,192.168.1.44,192.168.1.51,192.168.1.52,192.168.1.61,192.168.1.62,192.168.1.63,192.168.1.71,192.168.1.72,192.168.1.81,192.168.1.82,192.168.4.1,192.168.4.3,192.168.4.31,192.168.4.41,192.168.4.42,192.168.4.43,192.168.4.44,192.168.4.51,192.168.4.52,192.168.4.61,192.168.4.62,192.168.4.63,192.168.4.71,192.168.4.72,192.168.4.81', 'deploy-sics', 'AIX_SICS_PF_DEV', 'SUCCESS', '2024-07-26 00:50:53.000000', 1606, 6);
--INSERT INTO deploy_pf (id, end_date, jenkins_number, machines, name, pf_name, result, start_date, build_product_id, jenkins_user_id) VALUES (404, '2024-07-26 01:11:32.000000', '318', '192.168.0.12,192.168.0.13', 'deploy-sics', 'AIX_ENGIE_PF', 'SUCCESS', '2024-07-26 00:50:53.000000', 1606, 6);
--INSERT INTO deploy_pf (id, end_date, jenkins_number, machines, name, pf_name, result, start_date, build_product_id, jenkins_user_id) VALUES (403, '2024-07-25 07:59:14.000000', '452', 'ALAT-1,ALAT-2,ALAT-T1,', 'deploy-sicsa', 'AIX_SICSD_PF_DEV', 'SUCCESS', '2024-07-25 07:50:20.000000', 1604, 6);
--INSERT INTO deploy_pf (id, end_date, jenkins_number, machines, name, pf_name, result, start_date, build_product_id, jenkins_user_id) VALUES (402, '2024-07-25 04:29:35.000000', '86', 'ERR-2,ERR-4,DEVICE-ANDROID-2,DEVICE-ANDROID-4,TABLETTE-1,', 'deploy-sicsd', 'AIX_SICSD_PF_DEV', 'SUCCESS', '2024-07-25 04:16:34.000000', 1601, 6);
--INSERT INTO deploy_pf (id, end_date, jenkins_number, machines, name, pf_name, result, start_date, build_product_id, jenkins_user_id) VALUES (401, '2024-07-25 01:11:46.000000', '315', '192.168.1.1,192.168.1.2,192.168.1.3,192.168.1.31,192.168.1.41,192.168.1.42,192.168.1.43,192.168.1.44,192.168.1.51,192.168.1.52,192.168.1.61,192.168.1.62,192.168.1.63,192.168.1.71,192.168.1.72,192.168.1.81,192.168.1.82,192.168.4.1,192.168.4.3,192.168.4.31,192.168.4.41,192.168.4.42,192.168.4.43,192.168.4.44,192.168.4.51,192.168.4.52,192.168.4.61,192.168.4.62,192.168.4.63,192.168.4.71,192.168.4.72,192.168.4.81', 'deploy-sics', 'AIX_SICS_PF_DEV', 'SUCCESS', '2024-07-25 00:34:28.000000', 1591, 6);
--INSERT INTO deploy_pf (id, end_date, jenkins_number, machines, name, pf_name, result, start_date, build_product_id, jenkins_user_id) VALUES (400, '2024-07-25 00:55:11.000000', '316', '192.168.0.12,192.168.0.13', 'deploy-sics', 'AIX_ENGIE_PF', 'SUCCESS', '2024-07-25 00:34:28.000000', 1591, 6);
--INSERT INTO deploy_pf (id, end_date, jenkins_number, machines, name, pf_name, result, start_date, build_product_id, jenkins_user_id) VALUES (399, '2024-07-24 08:11:17.000000', '451', 'ALAT-1,ALAT-2,ALAT-T1,', 'deploy-sicsa', 'AIX_SICSD_PF_DEV', 'UNSTABLE', '2024-07-24 08:02:10.000000', 1587, 6);
--INSERT INTO deploy_pf (id, end_date, jenkins_number, machines, name, pf_name, result, start_date, build_product_id, jenkins_user_id) VALUES (398, '2024-07-24 04:24:23.000000', '85', 'ERR-2,ERR-4,DEVICE-ANDROID-2,DEVICE-ANDROID-4,TABLETTE-1,', 'deploy-sicsd', 'AIX_SICSD_PF_DEV', 'FAILURE', '2024-07-24 04:20:21.000000', 1584, 6);
--INSERT INTO deploy_pf (id, end_date, jenkins_number, machines, name, pf_name, result, start_date, build_product_id, jenkins_user_id) VALUES (397, '2024-07-24 01:18:40.000000', '313', '192.168.1.1,192.168.1.2,192.168.1.3,192.168.1.31,192.168.1.41,192.168.1.42,192.168.1.43,192.168.1.44,192.168.1.51,192.168.1.52,192.168.1.61,192.168.1.62,192.168.1.63,192.168.1.71,192.168.1.72,192.168.1.81,192.168.1.82,192.168.4.1,192.168.4.3,192.168.4.31,192.168.4.41,192.168.4.42,192.168.4.43,192.168.4.44,192.168.4.51,192.168.4.52,192.168.4.61,192.168.4.62,192.168.4.63,192.168.4.71,192.168.4.72,192.168.4.81', 'deploy-sics', 'AIX_SICS_PF_DEV', 'SUCCESS', '2024-07-24 00:42:58.000000', 1574, 6);
--INSERT INTO deploy_pf (id, end_date, jenkins_number, machines, name, pf_name, result, start_date, build_product_id, jenkins_user_id) VALUES (396, '2024-07-24 01:03:25.000000', '314', '192.168.0.12,192.168.0.13', 'deploy-sics', 'AIX_ENGIE_PF', 'SUCCESS', '2024-07-24 00:42:58.000000', 1574, 6);
--INSERT INTO deploy_pf (id, end_date, jenkins_number, machines, name, pf_name, result, start_date, build_product_id, jenkins_user_id) VALUES (395, '2024-07-23 09:20:40.000000', '450', 'ALAT-1,ALAT-2,ALAT-T1,', 'deploy-sicsa', 'AIX_SICSD_PF_DEV', 'FAILURE', '2024-07-23 09:20:37.000000', 1561, 6);
--INSERT INTO deploy_pf (id, end_date, jenkins_number, machines, name, pf_name, result, start_date, build_product_id, jenkins_user_id) VALUES (394, '2024-07-23 04:41:10.000000', '84', 'ERR-2,ERR-4,DEVICE-ANDROID-2,DEVICE-ANDROID-4,TABLETTE-1,', 'deploy-sicsd', 'AIX_SICSD_PF_DEV', 'SUCCESS', '2024-07-23 04:27:08.000000', 1558, 6);
--INSERT INTO deploy_pf (id, end_date, jenkins_number, machines, name, pf_name, result, start_date, build_product_id, jenkins_user_id) VALUES (393, '2024-07-23 01:02:36.000000', '312', '192.168.0.12,192.168.0.13', 'deploy-sics', 'AIX_ENGIE_PF', 'SUCCESS', '2024-07-23 00:43:34.000000', 1548, 6);
--INSERT INTO deploy_pf (id, end_date, jenkins_number, machines, name, pf_name, result, start_date, build_product_id, jenkins_user_id) VALUES (392, '2024-07-23 09:41:38.000000', '311', '192.168.1.1,192.168.1.2,192.168.1.3,192.168.1.31,192.168.1.41,192.168.1.42,192.168.1.43,192.168.1.44,192.168.1.51,192.168.1.52,192.168.1.61,192.168.1.62,192.168.1.63,192.168.1.71,192.168.1.72,192.168.1.81,192.168.1.82,192.168.4.1,192.168.4.3,192.168.4.31,192.168.4.41,192.168.4.42,192.168.4.43,192.168.4.44,192.168.4.51,192.168.4.52,192.168.4.61,192.168.4.62,192.168.4.63,192.168.4.71,192.168.4.72,192.168.4.81', 'deploy-sics', 'AIX_SICS_PF_DEV', 'SUCCESS', '2024-07-23 00:43:32.000000', 1548, 6);
--INSERT INTO deploy_pf (id, end_date, jenkins_number, machines, name, pf_name, result, start_date, build_product_id, jenkins_user_id) VALUES (391, '2024-07-22 05:42:29.000000', '448', 'ALAT-1,ALAT-2,ALAT-T1,', 'deploy-sicsa', 'AIX_SICSD_PF_DEV', 'FAILURE', '2024-07-22 05:26:17.000000', 1530, 6);
--INSERT INTO deploy_pf (id, end_date, jenkins_number, machines, name, pf_name, result, start_date, build_product_id, jenkins_user_id) VALUES (390, '2024-07-22 04:54:53.000000', '83', 'ERR-2,ERR-4,DEVICE-ANDROID-2,DEVICE-ANDROID-4,TABLETTE-1,', 'deploy-sicsd', 'AIX_SICSD_PF_DEV', 'UNSTABLE', '2024-07-22 04:41:21.000000', 1532, 6);
--INSERT INTO deploy_pf (id, end_date, jenkins_number, machines, name, pf_name, result, start_date, build_product_id, jenkins_user_id) VALUES (389, '2024-07-20 01:01:04.000000', '310', '192.168.0.12,192.168.0.13', 'deploy-sics', 'AIX_ENGIE_PF', 'SUCCESS', '2024-07-20 00:40:02.000000', 1522, 6);
--INSERT INTO deploy_pf (id, end_date, jenkins_number, machines, name, pf_name, result, start_date, build_product_id, jenkins_user_id) VALUES (388, '2024-07-20 01:11:21.000000', '309', '192.168.1.1,192.168.1.2,192.168.1.3,192.168.1.31,192.168.1.41,192.168.1.42,192.168.1.43,192.168.1.44,192.168.1.51,192.168.1.52,192.168.1.61,192.168.1.62,192.168.1.63,192.168.1.71,192.168.1.72,192.168.1.81,192.168.1.82,192.168.4.1,192.168.4.3,192.168.4.31,192.168.4.41,192.168.4.42,192.168.4.43,192.168.4.44,192.168.4.51,192.168.4.52,192.168.4.61,192.168.4.62,192.168.4.63,192.168.4.71,192.168.4.72,192.168.4.81', 'deploy-sics', 'AIX_SICS_PF_DEV', 'UNSTABLE', '2024-07-20 00:40:02.000000', 1522, 6);
--INSERT INTO deploy_pf (id, end_date, jenkins_number, machines, name, pf_name, result, start_date, build_product_id, jenkins_user_id) VALUES (387, '2024-07-19 05:39:05.000000', '446', 'ALAT-1,ALAT-2,ALAT-T1,', 'deploy-sicsa', 'AIX_SICSD_PF_DEV', 'SUCCESS', '2024-07-19 05:30:02.000000', 1516, 6);
--INSERT INTO deploy_pf (id, end_date, jenkins_number, machines, name, pf_name, result, start_date, build_product_id, jenkins_user_id) VALUES (386, '2024-07-19 04:35:55.000000', '82', 'ERR-2,ERR-4,DEVICE-ANDROID-2,DEVICE-ANDROID-4,TABLETTE-1,', 'deploy-sicsd', 'AIX_SICSD_PF_DEV', 'UNSTABLE', '2024-07-19 04:22:45.000000', 1517, 6);
--INSERT INTO deploy_pf (id, end_date, jenkins_number, machines, name, pf_name, result, start_date, build_product_id, jenkins_user_id) VALUES (385, '2024-07-19 06:46:09.000000', '307', '192.168.1.1,192.168.1.2,192.168.1.3,192.168.1.31,192.168.1.41,192.168.1.42,192.168.1.43,192.168.1.44,192.168.1.51,192.168.1.52,192.168.1.61,192.168.1.62,192.168.1.63,192.168.1.71,192.168.1.72,192.168.1.81,192.168.1.82,192.168.4.1,192.168.4.3,192.168.4.31,192.168.4.41,192.168.4.42,192.168.4.43,192.168.4.44,192.168.4.51,192.168.4.52,192.168.4.61,192.168.4.62,192.168.4.63,192.168.4.71,192.168.4.72,192.168.4.81', 'deploy-sics', 'AIX_SICS_PF_DEV', 'UNSTABLE', '2024-07-19 00:46:05.000000', 1507, 6);
--INSERT INTO deploy_pf (id, end_date, jenkins_number, machines, name, pf_name, result, start_date, build_product_id, jenkins_user_id) VALUES (384, '2024-07-19 01:06:29.000000', '308', '192.168.0.12,192.168.0.13', 'deploy-sics', 'AIX_ENGIE_PF', 'SUCCESS', '2024-07-19 00:46:05.000000', 1507, 6);
--INSERT INTO deploy_pf (id, end_date, jenkins_number, machines, name, pf_name, result, start_date, build_product_id, jenkins_user_id) VALUES (383, '2024-07-18 15:54:56.000000', '445', 'ALAT-1,ALAT-2,ALAT-T1,', 'deploy-sicsa', 'AIX_SICSD_PF_DEV', 'SUCCESS', '2024-07-18 15:45:44.000000', 1495, 32);
--INSERT INTO deploy_pf (id, end_date, jenkins_number, machines, name, pf_name, result, start_date, build_product_id, jenkins_user_id) VALUES (382, '2024-07-18 06:36:17.000000', '444', 'ALAT-1,ALAT-2,ALAT-T1,', 'deploy-sicsa', 'AIX_SICSD_PF_DEV', 'UNSTABLE', '2024-07-18 06:27:11.000000', 1495, 6);
--INSERT INTO deploy_pf (id, end_date, jenkins_number, machines, name, pf_name, result, start_date, build_product_id, jenkins_user_id) VALUES (381, '2024-07-18 05:05:10.000000', '81', 'ERR-2,ERR-4,DEVICE-ANDROID-2,DEVICE-ANDROID-4,TABLETTE-1,', 'deploy-sicsd', 'AIX_SICSD_PF_DEV', 'SUCCESS', '2024-07-18 04:51:51.000000', 1494, 6);
--INSERT INTO deploy_pf (id, end_date, jenkins_number, machines, name, pf_name, result, start_date, build_product_id, jenkins_user_id) VALUES (380, '2024-07-18 01:19:39.000000', '305', '192.168.1.1,192.168.1.2,192.168.1.3,192.168.1.31,192.168.1.41,192.168.1.42,192.168.1.43,192.168.1.44,192.168.1.51,192.168.1.52,192.168.1.61,192.168.1.62,192.168.1.63,192.168.1.71,192.168.1.72,192.168.1.81,192.168.1.82,192.168.4.1,192.168.4.3,192.168.4.31,192.168.4.41,192.168.4.42,192.168.4.43,192.168.4.44,192.168.4.51,192.168.4.52,192.168.4.61,192.168.4.62,192.168.4.63,192.168.4.71,192.168.4.72,192.168.4.81', 'deploy-sics', 'AIX_SICS_PF_DEV', 'SUCCESS', '2024-07-18 00:38:47.000000', 1484, 6);
--INSERT INTO deploy_pf (id, end_date, jenkins_number, machines, name, pf_name, result, start_date, build_product_id, jenkins_user_id) VALUES (379, '2024-07-18 00:57:36.000000', '306', '192.168.0.12,192.168.0.13', 'deploy-sics', 'AIX_ENGIE_PF', 'SUCCESS', '2024-07-18 00:38:47.000000', 1484, 6);
--INSERT INTO deploy_pf (id, end_date, jenkins_number, machines, name, pf_name, result, start_date, build_product_id, jenkins_user_id) VALUES (378, '2024-07-17 08:39:02.000000', '80', 'ERR-4,DEVICE-ANDROID-2,DEVICE-ANDROID-4,TABLETTE-1,', 'deploy-sicsd', 'AIX_SICSD_PF_DEV', 'FAILURE', '2024-07-17 08:38:34.000000', 1472, 32);
--INSERT INTO deploy_pf (id, end_date, jenkins_number, machines, name, pf_name, result, start_date, build_product_id, jenkins_user_id) VALUES (377, '2024-07-17 05:42:16.000000', '441', 'ALAT-1,ALAT-2,ALAT-T1,', 'deploy-sicsa', 'AIX_SICSD_PF_DEV', 'UNSTABLE', '2024-07-17 05:33:07.000000', 1470, 6);
--INSERT INTO deploy_pf (id, end_date, jenkins_number, machines, name, pf_name, result, start_date, build_product_id, jenkins_user_id) VALUES (376, '2024-07-17 05:01:46.000000', '79', 'ERR-2,ERR-4,DEVICE-ANDROID-2,DEVICE-ANDROID-4,TABLETTE-1,', 'deploy-sicsd', 'AIX_SICSD_PF_DEV', 'UNSTABLE', '2024-07-17 04:52:05.000000', 1472, 6);
--INSERT INTO deploy_pf (id, end_date, jenkins_number, machines, name, pf_name, result, start_date, build_product_id, jenkins_user_id) VALUES (375, '2024-07-17 01:05:00.000000', '303', '192.168.1.1,192.168.1.2,192.168.1.3,192.168.1.31,192.168.1.41,192.168.1.42,192.168.1.43,192.168.1.44,192.168.1.51,192.168.1.52,192.168.1.61,192.168.1.62,192.168.1.63,192.168.1.71,192.168.1.72,192.168.1.81,192.168.1.82,192.168.4.1,192.168.4.3,192.168.4.31,192.168.4.41,192.168.4.42,192.168.4.43,192.168.4.44,192.168.4.51,192.168.4.52,192.168.4.61,192.168.4.62,192.168.4.63,192.168.4.71,192.168.4.72,192.168.4.81', 'deploy-sics', 'AIX_SICS_PF_DEV', 'UNSTABLE', '2024-07-17 00:26:45.000000', 1462, 6);
--INSERT INTO deploy_pf (id, end_date, jenkins_number, machines, name, pf_name, result, start_date, build_product_id, jenkins_user_id) VALUES (374, '2024-07-17 00:46:35.000000', '304', '192.168.0.12,192.168.0.13', 'deploy-sics', 'AIX_ENGIE_PF', 'SUCCESS', '2024-07-17 00:26:43.000000', 1462, 6);
--INSERT INTO deploy_pf (id, end_date, jenkins_number, machines, name, pf_name, result, start_date, build_product_id, jenkins_user_id) VALUES (373, '2024-07-16 01:14:49.000000', '302', '192.168.1.1,192.168.1.2,192.168.1.3,192.168.1.31,192.168.1.41,192.168.1.42,192.168.1.43,192.168.1.44,192.168.1.51,192.168.1.52,192.168.1.61,192.168.1.62,192.168.1.63,192.168.1.71,192.168.1.72,192.168.1.81,192.168.1.82,192.168.4.1,192.168.4.3,192.168.4.31,192.168.4.41,192.168.4.42,192.168.4.43,192.168.4.44,192.168.4.51,192.168.4.52,192.168.4.61,192.168.4.62,192.168.4.63,192.168.4.71,192.168.4.72,192.168.4.81', 'deploy-sics', 'AIX_SICS_PF_DEV', 'UNSTABLE', '2024-07-16 00:36:09.000000', 1438, 6);
--INSERT INTO deploy_pf (id, end_date, jenkins_number, machines, name, pf_name, result, start_date, build_product_id, jenkins_user_id) VALUES (372, '2024-07-16 00:55:52.000000', '301', '192.168.0.12,192.168.0.13', 'deploy-sics', 'AIX_ENGIE_PF', 'UNSTABLE', '2024-07-16 00:36:09.000000', 1438, 6);
--INSERT INTO deploy_pf (id, end_date, jenkins_number, machines, name, pf_name, result, start_date, build_product_id, jenkins_user_id) VALUES (371, '2024-07-12 16:19:15.000000', '439', 'ALAT-1,ALAT-T1', 'deploy-sicsa', 'AIX_SICSD_PF_DEV', 'SUCCESS', '2024-07-12 15:56:19.000000', 1416, 32);
--INSERT INTO deploy_pf (id, end_date, jenkins_number, machines, name, pf_name, result, start_date, build_product_id, jenkins_user_id) VALUES (370, '2024-07-12 15:54:52.000000', '438', 'ALAT-1, ALAT-T1', 'deploy-sicsa', 'AIX_SICSD_PF_DEV', 'ABORTED', '2024-07-12 15:44:55.000000', 1416, 32);
--INSERT INTO deploy_pf (id, end_date, jenkins_number, machines, name, pf_name, result, start_date, build_product_id, jenkins_user_id) VALUES (369, '2024-07-12 11:56:17.000000', '437', 'ALAT-1, ALAT-T1', 'deploy-sicsa', 'AIX_SICSD_PF_DEV', 'FAILURE', '2024-07-12 09:54:49.000000', 1416, 32);
--INSERT INTO deploy_pf (id, end_date, jenkins_number, machines, name, pf_name, result, start_date, build_product_id, jenkins_user_id) VALUES (368, '2024-07-12 09:47:54.000000', '436', 'ALAT-1, ALAT-T1', 'deploy-sicsa', 'AIX_SICSD_PF_DEV', 'ABORTED', '2024-07-12 09:05:17.000000', 1416, 32);
--INSERT INTO deploy_pf (id, end_date, jenkins_number, machines, name, pf_name, result, start_date, build_product_id, jenkins_user_id) VALUES (367, '2024-07-12 09:04:31.000000', '435', 'ALAT-1, ALAT-T1', 'deploy-sicsa', 'AIX_SICSD_PF_DEV', 'ABORTED', '2024-07-12 08:33:07.000000', 1416, 32);
--INSERT INTO deploy_pf (id, end_date, jenkins_number, machines, name, pf_name, result, start_date, build_product_id, jenkins_user_id) VALUES (366, '2024-07-12 05:51:58.000000', '434', 'ALAT-2,', 'deploy-sicsa', 'AIX_SICSD_PF_DEV', 'SUCCESS', '2024-07-12 05:45:46.000000', 1416, 6);
--INSERT INTO deploy_pf (id, end_date, jenkins_number, machines, name, pf_name, result, start_date, build_product_id, jenkins_user_id) VALUES (365, '2024-07-12 02:03:32.000000', '78', 'ERR-2,ERR-4,DEVICE-ANDROID-2,DEVICE-ANDROID-4,TABLETTE-1,', 'deploy-sicsd', 'AIX_SICSD_PF_DEV', 'UNSTABLE', '2024-07-12 01:54:30.000000', 1413, 6);
--INSERT INTO deploy_pf (id, end_date, jenkins_number, machines, name, pf_name, result, start_date, build_product_id, jenkins_user_id) VALUES (364, '2024-07-12 01:56:51.000000', '299', '192.168.0.12,192.168.0.13', 'deploy-sics', 'AIX_ENGIE_PF', 'SUCCESS', '2024-07-12 01:39:06.000000', 1406, 6);
--INSERT INTO deploy_pf (id, end_date, jenkins_number, machines, name, pf_name, result, start_date, build_product_id, jenkins_user_id) VALUES (363, '2024-07-12 02:16:29.000000', '298', '192.168.1.1,192.168.1.2,192.168.1.3,192.168.1.31,192.168.1.41,192.168.1.42,192.168.1.43,192.168.1.44,192.168.1.51,192.168.1.52,192.168.1.61,192.168.1.62,192.168.1.63,192.168.1.71,192.168.1.72,192.168.1.81,192.168.1.82,192.168.4.1,192.168.4.3,192.168.4.31,192.168.4.41,192.168.4.42,192.168.4.43,192.168.4.44,192.168.4.51,192.168.4.52,192.168.4.61,192.168.4.62,192.168.4.63,192.168.4.71,192.168.4.72,192.168.4.81', 'deploy-sics', 'AIX_SICS_PF_DEV', 'UNSTABLE', '2024-07-12 01:39:06.000000', 1406, 6);
--INSERT INTO deploy_pf (id, end_date, jenkins_number, machines, name, pf_name, result, start_date, build_product_id, jenkins_user_id) VALUES (362, '2024-07-11 06:04:28.000000', '432', 'ALAT-2,', 'deploy-sicsa', 'AIX_SICSD_PF_DEV', 'SUCCESS', '2024-07-11 05:58:20.000000', 1393, 6);
--INSERT INTO deploy_pf (id, end_date, jenkins_number, machines, name, pf_name, result, start_date, build_product_id, jenkins_user_id) VALUES (361, '2024-07-11 02:35:03.000000', '296', '192.168.1.1,192.168.1.2,192.168.1.3,192.168.1.31,192.168.1.41,192.168.1.42,192.168.1.43,192.168.1.44,192.168.1.51,192.168.1.52,192.168.1.61,192.168.1.62,192.168.1.63,192.168.1.71,192.168.1.72,192.168.1.81,192.168.1.82,192.168.4.1,192.168.4.3,192.168.4.31,192.168.4.41,192.168.4.42,192.168.4.43,192.168.4.44,192.168.4.51,192.168.4.52,192.168.4.61,192.168.4.62,192.168.4.63,192.168.4.71,192.168.4.72,192.168.4.81', 'deploy-sics', 'AIX_SICS_PF_DEV', 'UNSTABLE', '2024-07-11 01:58:01.000000', 1382, 6);
--INSERT INTO deploy_pf (id, end_date, jenkins_number, machines, name, pf_name, result, start_date, build_product_id, jenkins_user_id) VALUES (360, '2024-07-11 02:17:39.000000', '297', '192.168.0.12,192.168.0.13', 'deploy-sics', 'AIX_ENGIE_PF', 'SUCCESS', '2024-07-11 01:58:01.000000', 1382, 6);
--INSERT INTO deploy_pf (id, end_date, jenkins_number, machines, name, pf_name, result, start_date, build_product_id, jenkins_user_id) VALUES (359, '2024-07-10 02:25:57.000000', '295', '192.168.0.12,192.168.0.13', 'deploy-sics', 'AIX_ENGIE_PF', 'SUCCESS', '2024-07-10 02:04:31.000000', 1361, 6);
--INSERT INTO deploy_pf (id, end_date, jenkins_number, machines, name, pf_name, result, start_date, build_product_id, jenkins_user_id) VALUES (358, '2024-07-10 02:43:35.000000', '294', '192.168.1.1,192.168.1.2,192.168.1.3,192.168.1.31,192.168.1.41,192.168.1.42,192.168.1.43,192.168.1.44,192.168.1.51,192.168.1.52,192.168.1.61,192.168.1.62,192.168.1.63,192.168.1.71,192.168.1.72,192.168.1.81,192.168.1.82,192.168.4.1,192.168.4.3,192.168.4.31,192.168.4.41,192.168.4.42,192.168.4.43,192.168.4.44,192.168.4.51,192.168.4.52,192.168.4.61,192.168.4.62,192.168.4.63,192.168.4.71,192.168.4.72,192.168.4.81', 'deploy-sics', 'AIX_SICS_PF_DEV', 'UNSTABLE', '2024-07-10 02:04:31.000000', 1361, 6);
--INSERT INTO deploy_pf (id, end_date, jenkins_number, machines, name, pf_name, result, start_date, build_product_id, jenkins_user_id) VALUES (357, '2024-07-08 07:44:46.000000', '429', 'ALAT-2,', 'deploy-sicsa', 'AIX_SICSD_PF_DEV', 'SUCCESS', '2024-07-08 07:38:38.000000', 1334, 6);
--INSERT INTO deploy_pf (id, end_date, jenkins_number, machines, name, pf_name, result, start_date, build_product_id, jenkins_user_id) VALUES (356, '2024-07-06 05:39:01.000000', '293', '192.168.0.12,192.168.0.13', 'deploy-sics', 'AIX_ENGIE_PF', 'SUCCESS', '2024-07-06 05:18:05.000000', 1326, 6);
--INSERT INTO deploy_pf (id, end_date, jenkins_number, machines, name, pf_name, result, start_date, build_product_id, jenkins_user_id) VALUES (355, '2024-07-06 06:06:58.000000', '292', '192.168.1.1,192.168.1.2,192.168.1.3,192.168.1.31,192.168.1.41,192.168.1.42,192.168.1.43,192.168.1.44,192.168.1.51,192.168.1.52,192.168.1.61,192.168.1.62,192.168.1.63,192.168.1.71,192.168.1.72,192.168.1.81,192.168.1.82,192.168.4.1,192.168.4.3,192.168.4.31,192.168.4.41,192.168.4.42,192.168.4.43,192.168.4.44,192.168.4.51,192.168.4.52,192.168.4.61,192.168.4.62,192.168.4.63,192.168.4.71,192.168.4.72,192.168.4.81', 'deploy-sics', 'AIX_SICS_PF_DEV', 'UNSTABLE', '2024-07-06 05:18:05.000000', 1326, 6);
--INSERT INTO deploy_pf (id, end_date, jenkins_number, machines, name, pf_name, result, start_date, build_product_id, jenkins_user_id) VALUES (354, '2024-07-06 02:14:37.000000', '291', '192.168.0.12,192.168.0.13', 'deploy-sics', 'AIX_ENGIE_PF', 'SUCCESS', '2024-07-06 01:54:01.000000', 1321, 6);
--INSERT INTO deploy_pf (id, end_date, jenkins_number, machines, name, pf_name, result, start_date, build_product_id, jenkins_user_id) VALUES (353, '2024-07-06 02:31:09.000000', '290', '192.168.1.1,192.168.1.2,192.168.1.3,192.168.1.31,192.168.1.41,192.168.1.42,192.168.1.43,192.168.1.44,192.168.1.51,192.168.1.52,192.168.1.61,192.168.1.62,192.168.1.63,192.168.1.71,192.168.1.72,192.168.1.81,192.168.1.82,192.168.4.1,192.168.4.3,192.168.4.31,192.168.4.41,192.168.4.42,192.168.4.43,192.168.4.44,192.168.4.51,192.168.4.52,192.168.4.61,192.168.4.62,192.168.4.63,192.168.4.71,192.168.4.72,192.168.4.81', 'deploy-sics', 'AIX_SICS_PF_DEV', 'UNSTABLE', '2024-07-06 01:54:00.000000', 1321, 6);
--INSERT INTO deploy_pf (id, end_date, jenkins_number, machines, name, pf_name, result, start_date, build_product_id, jenkins_user_id) VALUES (352, '2024-07-05 07:41:50.000000', '427', 'ALAT-1,ALAT-2,ALAT-T1,', 'deploy-sicsa', 'AIX_SICSD_PF_DEV', 'SUCCESS', '2024-07-05 07:32:18.000000', 1317, 6);
--INSERT INTO deploy_pf (id, end_date, jenkins_number, machines, name, pf_name, result, start_date, build_product_id, jenkins_user_id) VALUES (351, '2024-07-05 02:25:02.000000', '288', '192.168.0.12,192.168.0.13', 'deploy-sics', 'AIX_ENGIE_PF', 'SUCCESS', '2024-07-05 02:04:34.000000', 1305, 6);
--INSERT INTO deploy_pf (id, end_date, jenkins_number, machines, name, pf_name, result, start_date, build_product_id, jenkins_user_id) VALUES (350, '2024-07-05 02:40:30.000000', '287', '192.168.1.1,192.168.1.2,192.168.1.3,192.168.1.31,192.168.1.41,192.168.1.42,192.168.1.43,192.168.1.44,192.168.1.51,192.168.1.52,192.168.1.61,192.168.1.62,192.168.1.63,192.168.1.71,192.168.1.72,192.168.1.81,192.168.1.82,192.168.1.83', 'deploy-sics', 'AIX_SICS_PF_DEV', 'UNSTABLE', '2024-07-05 02:04:33.000000', 1305, 6);
--INSERT INTO deploy_pf (id, end_date, jenkins_number, machines, name, pf_name, result, start_date, build_product_id, jenkins_user_id) VALUES (349, '2024-07-04 04:59:50.000000', '284', '192.168.0.12,192.168.0.13', 'deploy-sics', 'AIX_ENGIE_PF', 'SUCCESS', '2024-07-04 04:39:14.000000', 1292, 6);
--INSERT INTO deploy_pf (id, end_date, jenkins_number, machines, name, pf_name, result, start_date, build_product_id, jenkins_user_id) VALUES (348, '2024-07-04 03:03:03.000000', '283', '192.168.1.1,192.168.1.2,192.168.1.3,192.168.1.31,192.168.1.41,192.168.1.42,192.168.1.43,192.168.1.44,192.168.1.51,192.168.1.52,192.168.1.61,192.168.1.62,192.168.1.63,192.168.1.71,192.168.1.72,192.168.1.81,192.168.1.82,192.168.1.83', 'deploy-sics', 'AIX_SICS_PF_DEV', 'UNSTABLE', '2024-07-04 02:26:49.000000', 1287, 6);
--INSERT INTO deploy_pf (id, end_date, jenkins_number, machines, name, pf_name, result, start_date, build_product_id, jenkins_user_id) VALUES (347, '2024-07-03 08:59:52.000000', '426', 'ALAT-1,ALAT-2,ALAT-T1,', 'deploy-sicsa', 'AIX_SICSD_PF_DEV', 'FAILURE', '2024-07-03 08:47:33.000000', 1281, 6);
--INSERT INTO deploy_pf (id, end_date, jenkins_number, machines, name, pf_name, result, start_date, build_product_id, jenkins_user_id) VALUES (346, '2024-07-03 02:34:44.000000', '281', '192.168.1.1,192.168.1.2,192.168.1.3,192.168.1.31,192.168.1.41,192.168.1.42,192.168.1.43,192.168.1.44,192.168.1.51,192.168.1.52,192.168.1.61,192.168.1.62,192.168.1.63,192.168.1.71,192.168.1.72,192.168.1.81,192.168.1.82,192.168.1.83', 'deploy-sics', 'AIX_SICS_PF_DEV', 'UNSTABLE', '2024-07-03 01:58:52.000000', 1269, 6);
--INSERT INTO deploy_pf (id, end_date, jenkins_number, machines, name, pf_name, result, start_date, build_product_id, jenkins_user_id) VALUES (345, '2024-07-02 07:52:26.000000', '425', '', 'deploy-sicsa', 'AIX_SICSD_PF_DEV', 'FAILURE', '2024-07-02 07:52:14.000000', 1262, 6);
--INSERT INTO deploy_pf (id, end_date, jenkins_number, machines, name, pf_name, result, start_date, build_product_id, jenkins_user_id) VALUES (344, '2024-07-02 03:52:34.000000', '279', '192.168.1.1,192.168.1.2,192.168.1.3,192.168.1.31,192.168.1.41,192.168.1.42,192.168.1.43,192.168.1.44,192.168.1.51,192.168.1.52,192.168.1.61,192.168.1.62,192.168.1.63,192.168.1.71,192.168.1.72,192.168.1.81,192.168.1.82,192.168.1.83', 'deploy-sics', 'AIX_SICS_PF_DEV', 'UNSTABLE', '2024-07-02 03:16:11.000000', 1248, 6);
--INSERT INTO deploy_pf (id, end_date, jenkins_number, machines, name, pf_name, result, start_date, build_product_id, jenkins_user_id) VALUES (343, '2024-07-01 07:30:30.000000', '422', 'ALAT-1,ALAT-2,ALAT-T1', 'deploy-sicsa', 'AIX_SICSD_PF_DEV', 'UNSTABLE', '2024-07-01 07:21:21.000000', 1237, 6);
--INSERT INTO deploy_pf (id, end_date, jenkins_number, machines, name, pf_name, result, start_date, build_product_id, jenkins_user_id) VALUES (342, '2024-06-29 23:58:06.000000', '277', '192.168.1.1,192.168.1.2,192.168.1.3,192.168.1.31,192.168.1.41,192.168.1.42,192.168.1.43,192.168.1.44,192.168.1.51,192.168.1.52,192.168.1.61,192.168.1.62,192.168.1.63,192.168.1.71,192.168.1.72,192.168.1.81,192.168.1.82,192.168.1.83', 'deploy-sics', 'AIX_SICS_PF_DEV', 'UNSTABLE', '2024-06-29 05:16:29.000000', 1229, 6);
--INSERT INTO deploy_pf (id, end_date, jenkins_number, machines, name, pf_name, result, start_date, build_product_id, jenkins_user_id) VALUES (341, '2024-06-29 05:36:07.000000', '278', '192.168.0.12,192.168.0.13', 'deploy-sics', 'AIX_ENGIE_PF', 'SUCCESS', '2024-06-29 05:16:29.000000', 1229, 6);
--INSERT INTO deploy_pf (id, end_date, jenkins_number, machines, name, pf_name, result, start_date, build_product_id, jenkins_user_id) VALUES (340, '2024-06-28 08:09:41.000000', '420', 'ALAT-1,ALAT-2,ALAT-T1', 'deploy-sicsa', 'AIX_SICSD_PF_DEV', 'FAILURE', '2024-06-28 08:01:51.000000', 1215, 6);
--INSERT INTO deploy_pf (id, end_date, jenkins_number, machines, name, pf_name, result, start_date, build_product_id, jenkins_user_id) VALUES (339, '2024-06-28 06:37:55.000000', '275', '192.168.1.1,192.168.1.2,192.168.1.3,192.168.1.31,192.168.1.41,192.168.1.42,192.168.1.43,192.168.1.44,192.168.1.51,192.168.1.52,192.168.1.61,192.168.1.62,192.168.1.63,192.168.1.71,192.168.1.72,192.168.1.81,192.168.1.82,192.168.1.83', 'deploy-sics', 'AIX_SICS_PF_DEV', 'UNSTABLE', '2024-06-28 05:06:11.000000', 1207, 6);
--INSERT INTO deploy_pf (id, end_date, jenkins_number, machines, name, pf_name, result, start_date, build_product_id, jenkins_user_id) VALUES (338, '2024-06-28 05:26:19.000000', '276', '192.168.0.12,192.168.0.13', 'deploy-sics', 'AIX_ENGIE_PF', 'SUCCESS', '2024-06-28 05:06:08.000000', 1207, 6);
--INSERT INTO deploy_pf (id, end_date, jenkins_number, machines, name, pf_name, result, start_date, build_product_id, jenkins_user_id) VALUES (337, '2024-06-27 05:39:39.000000', '273', '192.168.1.1,192.168.1.2,192.168.1.3,192.168.1.31,192.168.1.41,192.168.1.42,192.168.1.43,192.168.1.44,192.168.1.51,192.168.1.52,192.168.1.61,192.168.1.62,192.168.1.63,192.168.1.71,192.168.1.72,192.168.1.81,192.168.1.82,192.168.1.83', 'deploy-sics', 'AIX_SICS_PF_DEV', 'UNSTABLE', '2024-06-27 05:01:24.000000', 1193, 6);
--INSERT INTO deploy_pf (id, end_date, jenkins_number, machines, name, pf_name, result, start_date, build_product_id, jenkins_user_id) VALUES (336, '2024-06-27 05:21:22.000000', '274', '192.168.0.12,192.168.0.13', 'deploy-sics', 'AIX_ENGIE_PF', 'SUCCESS', '2024-06-27 05:01:17.000000', 1193, 6);
--INSERT INTO deploy_pf (id, end_date, jenkins_number, machines, name, pf_name, result, start_date, build_product_id, jenkins_user_id) VALUES (335, '2024-06-26 06:15:18.000000', '417', 'ALAT-1,ALAT-2,ALAT-T1', 'deploy-sicsa', 'AIX_SICSD_PF_DEV', 'UNSTABLE', '2024-06-26 06:06:21.000000', 1183, 6);
--INSERT INTO deploy_pf (id, end_date, jenkins_number, machines, name, pf_name, result, start_date, build_product_id, jenkins_user_id) VALUES (334, '2024-06-26 05:26:44.000000', '272', '192.168.0.12,192.168.0.13', 'deploy-sics', 'AIX_ENGIE_PF', 'SUCCESS', '2024-06-26 05:07:14.000000', 1177, 6);
--INSERT INTO deploy_pf (id, end_date, jenkins_number, machines, name, pf_name, result, start_date, build_product_id, jenkins_user_id) VALUES (333, '2024-06-26 05:41:02.000000', '271', '192.168.1.1,192.168.1.2,192.168.1.3,192.168.1.31,192.168.1.41,192.168.1.42,192.168.1.43,192.168.1.44,192.168.1.51,192.168.1.52,192.168.1.61,192.168.1.62,192.168.1.63,192.168.1.71,192.168.1.72,192.168.1.81,192.168.1.82,192.168.1.83', 'deploy-sics', 'AIX_SICS_PF_DEV', 'UNSTABLE', '2024-06-26 05:07:05.000000', 1177, 6);
--INSERT INTO deploy_pf (id, end_date, jenkins_number, machines, name, pf_name, result, start_date, build_product_id, jenkins_user_id) VALUES (332, '2024-06-25 05:43:35.000000', '269', '192.168.1.1,192.168.1.2,192.168.1.3,192.168.1.31,192.168.1.41,192.168.1.42,192.168.1.43,192.168.1.44,192.168.1.51,192.168.1.52,192.168.1.61,192.168.1.62,192.168.1.63,192.168.1.71,192.168.1.72,192.168.1.81,192.168.1.82,192.168.1.83', 'deploy-sics', 'AIX_SICS_PF_DEV', 'UNSTABLE', '2024-06-25 05:04:45.000000', 1154, 6);
--INSERT INTO deploy_pf (id, end_date, jenkins_number, machines, name, pf_name, result, start_date, build_product_id, jenkins_user_id) VALUES (331, '2024-06-25 05:23:56.000000', '270', '192.168.0.12,192.168.0.13', 'deploy-sics', 'AIX_ENGIE_PF', 'SUCCESS', '2024-06-25 05:04:39.000000', 1154, 6);
--INSERT INTO deploy_pf (id, end_date, jenkins_number, machines, name, pf_name, result, start_date, build_product_id, jenkins_user_id) VALUES (330, '2024-06-21 05:33:20.000000', '264', '192.168.1.1,192.168.1.2,192.168.1.3,192.168.1.31,192.168.1.41,192.168.1.42,192.168.1.43,192.168.1.44,192.168.1.51,192.168.1.52,192.168.1.61,192.168.1.62,192.168.1.63,192.168.1.71,192.168.1.72,192.168.1.81,192.168.1.82,192.168.1.83', 'deploy-sics', 'AIX_SICS_PF_DEV', 'UNSTABLE', '2024-06-21 04:58:34.000000', 1123, 6);
--INSERT INTO deploy_pf (id, end_date, jenkins_number, machines, name, pf_name, result, start_date, build_product_id, jenkins_user_id) VALUES (329, '2024-06-21 05:18:02.000000', '265', '192.168.0.12,192.168.0.13', 'deploy-sics', 'AIX_ENGIE_PF', 'SUCCESS', '2024-06-21 04:58:30.000000', 1123, 6);
--INSERT INTO deploy_pf (id, end_date, jenkins_number, machines, name, pf_name, result, start_date, build_product_id, jenkins_user_id) VALUES (328, '2024-06-20 05:02:08.000000', '263', '192.168.0.12,192.168.0.13', 'deploy-sics', 'AIX_ENGIE_PF', 'SUCCESS', '2024-06-20 04:41:39.000000', 1103, 6);
--INSERT INTO deploy_pf (id, end_date, jenkins_number, machines, name, pf_name, result, start_date, build_product_id, jenkins_user_id) VALUES (327, '2024-06-20 05:18:09.000000', '262', '192.168.1.1,192.168.1.2,192.168.1.3,192.168.1.31,192.168.1.41,192.168.1.42,192.168.1.43,192.168.1.44,192.168.1.51,192.168.1.52,192.168.1.61,192.168.1.62,192.168.1.63,192.168.1.71,192.168.1.72,192.168.1.81,192.168.1.82,192.168.1.83', 'deploy-sics', 'AIX_SICS_PF_DEV', 'UNSTABLE', '2024-06-20 04:41:39.000000', 1103, 6);
--INSERT INTO deploy_pf (id, end_date, jenkins_number, machines, name, pf_name, result, start_date, build_product_id, jenkins_user_id) VALUES (326, '2024-06-19 06:45:04.000000', '259', '192.168.1.1,192.168.1.2,192.168.1.3,192.168.1.31,192.168.1.41,192.168.1.42,192.168.1.43,192.168.1.44,192.168.1.51,192.168.1.52,192.168.1.61,192.168.1.62,192.168.1.63,192.168.1.71,192.168.1.72,192.168.1.81,192.168.1.82,192.168.1.83', 'deploy-sics', 'AIX_SICS_PF_DEV', 'UNSTABLE', '2024-06-19 06:12:25.000000', 1072, 6);
--INSERT INTO deploy_pf (id, end_date, jenkins_number, machines, name, pf_name, result, start_date, build_product_id, jenkins_user_id) VALUES (325, '2024-06-19 06:34:41.000000', '260', '192.168.0.12,192.168.0.13', 'deploy-sics', 'AIX_ENGIE_PF', 'SUCCESS', '2024-06-19 06:12:24.000000', 1072, 6);
--INSERT INTO deploy_pf (id, end_date, jenkins_number, machines, name, pf_name, result, start_date, build_product_id, jenkins_user_id) VALUES (324, '2024-06-18 05:31:46.000000', '256', '192.168.1.1,192.168.1.2,192.168.1.3,192.168.1.31,192.168.1.41,192.168.1.42,192.168.1.43,192.168.1.44,192.168.1.51,192.168.1.52,192.168.1.61,192.168.1.62,192.168.1.63,192.168.1.71,192.168.1.72,192.168.1.81,192.168.1.82,192.168.1.83', 'deploy-sics', 'AIX_SICS_PF_DEV', 'UNSTABLE', '2024-06-18 04:58:01.000000', 1046, 6);
--INSERT INTO deploy_pf (id, end_date, jenkins_number, machines, name, pf_name, result, start_date, build_product_id, jenkins_user_id) VALUES (323, '2024-06-18 05:19:41.000000', '257', '192.168.0.12,192.168.0.13', 'deploy-sics', 'AIX_ENGIE_PF', 'SUCCESS', '2024-06-18 04:57:59.000000', 1046, 6);
--INSERT INTO deploy_pf (id, end_date, jenkins_number, machines, name, pf_name, result, start_date, build_product_id, jenkins_user_id) VALUES (322, '2024-06-18 07:03:03.000000', '255', '192.168.4.1,192.168.4.3,192.168.4.31,192.168.4.41,192.168.4.42,192.168.4.43,192.168.4.44,192.168.4.51,192.168.4.52,192.168.4.61,192.168.4.62,192.168.4.63,192.168.4.71,192.168.4.72,192.168.4.81', 'deploy-sics', 'AIX_SICS_PF_DEV', 'SUCCESS', '2024-06-18 01:51:55.000000', 1040, 6);
--INSERT INTO deploy_pf (id, end_date, jenkins_number, machines, name, pf_name, result, start_date, build_product_id, jenkins_user_id) VALUES (321, '2024-06-17 16:00:46.000000', '408', 'ALAT-2', 'deploy-sicsa', 'AIX_SICSD_PF_DEV', 'SUCCESS', '2024-06-17 15:45:06.000000', 1026, 32);
--INSERT INTO deploy_pf (id, end_date, jenkins_number, machines, name, pf_name, result, start_date, build_product_id, jenkins_user_id) VALUES (320, '2024-06-17 08:58:50.000000', '407', 'ALAT-1,ALAT-T1', 'deploy-sicsa', 'AIX_SICSD_PF_DEV', 'SUCCESS', '2024-06-17 08:40:41.000000', 1026, 32);
--INSERT INTO deploy_pf (id, end_date, jenkins_number, machines, name, pf_name, result, start_date, build_product_id, jenkins_user_id) VALUES (319, '2024-06-17 06:00:40.000000', '406', 'ALAT-1,ALAT-T1', 'deploy-sicsa', 'AIX_SICSD_PF_DEV', 'FAILURE', '2024-06-17 05:58:00.000000', 1026, 6);
--INSERT INTO deploy_pf (id, end_date, jenkins_number, machines, name, pf_name, result, start_date, build_product_id, jenkins_user_id) VALUES (318, '2024-06-15 04:54:17.000000', '249', '192.168.1.1,192.168.1.2,192.168.1.3,192.168.1.31,192.168.1.41,192.168.1.42,192.168.1.43,192.168.1.44,192.168.1.51,192.168.1.52,192.168.1.61,192.168.1.62,192.168.1.63,192.168.1.71,192.168.1.72,192.168.1.81,192.168.1.82,192.168.1.83', 'deploy-sics', 'AIX_SICS_PF_DEV', 'UNSTABLE', '2024-06-15 04:51:15.000000', 1020, 6);
--INSERT INTO deploy_pf (id, end_date, jenkins_number, machines, name, pf_name, result, start_date, build_product_id, jenkins_user_id) VALUES (317, '2024-06-15 04:54:18.000000', '250', '192.168.0.12,192.168.0.13', 'deploy-sics', 'AIX_ENGIE_PF', 'UNSTABLE', '2024-06-15 04:51:15.000000', 1020, 6);
--INSERT INTO deploy_pf (id, end_date, jenkins_number, machines, name, pf_name, result, start_date, build_product_id, jenkins_user_id) VALUES (316, '2024-06-15 01:53:04.000000', '248', '192.168.4.1,192.168.4.3,192.168.4.31,192.168.4.41,192.168.4.42,192.168.4.43,192.168.4.44,192.168.4.51,192.168.4.52,192.168.4.61,192.168.4.62,192.168.4.63,192.168.4.71,192.168.4.72,192.168.4.81', 'deploy-sics', 'AIX_SICS_PF_DEV', 'UNSTABLE', '2024-06-15 01:50:02.000000', 1014, 6);
--INSERT INTO deploy_pf (id, end_date, jenkins_number, machines, name, pf_name, result, start_date, build_product_id, jenkins_user_id) VALUES (315, '2024-06-14 08:38:59.000000', '405', 'ALAT-T1,', 'deploy-sicsa', 'AIX_SICSD_PF_DEV', 'SUCCESS', '2024-06-14 08:31:58.000000', 1011, 32);
--INSERT INTO deploy_pf (id, end_date, jenkins_number, machines, name, pf_name, result, start_date, build_product_id, jenkins_user_id) VALUES (314, '2024-06-14 06:11:16.000000', '404', 'ALAT-1,', 'deploy-sicsa', 'AIX_SICSD_PF_DEV', 'SUCCESS', '2024-06-14 05:52:48.000000', 1011, 6);
--INSERT INTO deploy_pf (id, end_date, jenkins_number, machines, name, pf_name, result, start_date, build_product_id, jenkins_user_id) VALUES (313, '2024-06-14 05:06:32.000000', '247', '192.168.0.12,192.168.0.13', 'deploy-sics', 'AIX_ENGIE_PF', 'SUCCESS', '2024-06-14 04:45:20.000000', 1005, 6);
--INSERT INTO deploy_pf (id, end_date, jenkins_number, machines, name, pf_name, result, start_date, build_product_id, jenkins_user_id) VALUES (312, '2024-06-14 05:16:49.000000', '246', '192.168.1.1,192.168.1.2,192.168.1.3,192.168.1.31,192.168.1.41,192.168.1.42,192.168.1.43,192.168.1.44,192.168.1.51,192.168.1.52,192.168.1.61,192.168.1.62,192.168.1.63,192.168.1.71,192.168.1.72,192.168.1.81,192.168.1.82,192.168.1.83', 'deploy-sics', 'AIX_SICS_PF_DEV', 'UNSTABLE', '2024-06-14 04:45:17.000000', 1005, 6);
--INSERT INTO deploy_pf (id, end_date, jenkins_number, machines, name, pf_name, result, start_date, build_product_id, jenkins_user_id) VALUES (311, '2024-06-14 00:58:50.000000', '245', '192.168.4.1,192.168.4.3,192.168.4.31,192.168.4.41,192.168.4.42,192.168.4.43,192.168.4.44,192.168.4.51,192.168.4.52,192.168.4.61,192.168.4.62,192.168.4.63,192.168.4.71,192.168.4.72,192.168.4.81', 'deploy-sics', 'AIX_SICS_PF_DEV', 'SUCCESS', '2024-06-14 00:42:55.000000', 999, 6);
--INSERT INTO deploy_pf (id, end_date, jenkins_number, machines, name, pf_name, result, start_date, build_product_id, jenkins_user_id) VALUES (310, '2024-06-13 01:01:26.000000', '243', '192.168.4.1,192.168.4.3,192.168.4.31,192.168.4.41,192.168.4.42,192.168.4.43,192.168.4.44,192.168.4.51,192.168.4.52,192.168.4.61,192.168.4.62,192.168.4.63,192.168.4.71,192.168.4.72,192.168.4.81', 'deploy-sics', 'AIX_SICS_PF_DEV', 'SUCCESS', '2024-06-13 00:46:01.000000', 982, 6);
--INSERT INTO deploy_pf (id, end_date, jenkins_number, machines, name, pf_name, result, start_date, build_product_id, jenkins_user_id) VALUES (309, '2024-06-12 05:26:24.000000', '242', '192.168.0.12,192.168.0.13', 'deploy-sics', 'AIX_ENGIE_PF', 'SUCCESS', '2024-06-12 05:04:14.000000', 967, 6);
--INSERT INTO deploy_pf (id, end_date, jenkins_number, machines, name, pf_name, result, start_date, build_product_id, jenkins_user_id) VALUES (308, '2024-06-12 15:31:22.000000', '241', '192.168.4.1,192.168.4.3,192.168.4.31,192.168.4.41,192.168.4.42,192.168.4.43,192.168.4.44,192.168.4.51,192.168.4.52,192.168.4.61,192.168.4.62,192.168.4.63,192.168.4.71,192.168.4.72,192.168.4.81', 'deploy-sics', 'AIX_SICS_PF_DEV', 'UNSTABLE', '2024-06-12 00:49:26.000000', 962, 6);
--INSERT INTO deploy_pf (id, end_date, jenkins_number, machines, name, pf_name, result, start_date, build_product_id, jenkins_user_id) VALUES (307, '2024-06-11 05:12:42.000000', '240', '192.168.0.12,192.168.0.13', 'deploy-sics', 'AIX_ENGIE_PF', 'SUCCESS', '2024-06-11 04:50:59.000000', 950, 6);
--INSERT INTO deploy_pf (id, end_date, jenkins_number, machines, name, pf_name, result, start_date, build_product_id, jenkins_user_id) VALUES (306, '2024-06-11 01:00:10.000000', '77', 'ERR-2,ERR-4,DEVICE-ANDROID-2,DEVICE-ANDROID-4,TABLETTE-1,', 'deploy-sicsd', 'AIX_SICSD_PF_DEV', 'SUCCESS', '2024-06-11 00:45:22.000000', 949, 6);
--INSERT INTO deploy_pf (id, end_date, jenkins_number, machines, name, pf_name, result, start_date, build_product_id, jenkins_user_id) VALUES (305, '2024-06-11 00:46:22.000000', '76', '192.168.0.102,192.168.0.103', 'deploy-sicsd', 'AIX_ENGIE_PF', 'SUCCESS', '2024-06-11 00:45:19.000000', 949, 6);
--INSERT INTO deploy_pf (id, end_date, jenkins_number, machines, name, pf_name, result, start_date, build_product_id, jenkins_user_id) VALUES (304, '2024-06-10 09:17:32.000000', '403', 'ALAT-1', 'deploy-sicsa', 'AIX_SICSD_PF_DEV', 'SUCCESS', '2024-06-10 08:59:13.000000', 937, 32);
--INSERT INTO deploy_pf (id, end_date, jenkins_number, machines, name, pf_name, result, start_date, build_product_id, jenkins_user_id) VALUES (303, '2024-06-10 08:58:48.000000', '402', 'ALAT-2', 'deploy-sicsa', 'AIX_SICSD_PF_DEV', 'ABORTED', '2024-06-10 08:58:16.000000', 937, 32);
--INSERT INTO deploy_pf (id, end_date, jenkins_number, machines, name, pf_name, result, start_date, build_product_id, jenkins_user_id) VALUES (302, '2024-06-10 08:57:33.000000', '401', 'ALAT-1; ALAT-2; ALAT-T1', 'deploy-sicsa', 'AIX_SICSD_PF_DEV', 'ABORTED', '2024-06-10 08:37:34.000000', 937, 32);
--INSERT INTO deploy_pf (id, end_date, jenkins_number, machines, name, pf_name, result, start_date, build_product_id, jenkins_user_id) VALUES (301, '2024-06-10 07:22:52.000000', '400', '', 'deploy-sicsa', 'AIX_SICSD_PF_DEV', 'FAILURE', '2024-06-10 07:22:46.000000', 937, 6);
--INSERT INTO deploy_pf (id, end_date, jenkins_number, machines, name, pf_name, result, start_date, build_product_id, jenkins_user_id) VALUES (300, '2024-06-08 18:02:07.000000', '238', '192.168.4.1,192.168.4.3,192.168.4.31,192.168.4.41,192.168.4.42,192.168.4.43,192.168.4.44,192.168.4.51,192.168.4.52,192.168.4.61,192.168.4.62,192.168.4.63,192.168.4.71,192.168.4.72,192.168.4.81', 'deploy-sics', 'AIX_SICS_PF_DEV', 'SUCCESS', '2024-06-08 03:20:56.000000', 930, 6);
--INSERT INTO deploy_pf (id, end_date, jenkins_number, machines, name, pf_name, result, start_date, build_product_id, jenkins_user_id) VALUES (299, '2024-06-08 02:38:37.000000', '237', '192.168.0.12,192.168.0.13', 'deploy-sics', 'AIX_ENGIE_PF', 'SUCCESS', '2024-06-08 02:16:09.000000', 924, 6);
--INSERT INTO deploy_pf (id, end_date, jenkins_number, machines, name, pf_name, result, start_date, build_product_id, jenkins_user_id) VALUES (298, '2024-06-08 00:49:08.000000', '75', ',TABLETTE-1,', 'deploy-sicsd', 'AIX_SICSD_PF_DEV', 'SUCCESS', '2024-06-08 00:44:38.000000', 929, 6);
--INSERT INTO deploy_pf (id, end_date, jenkins_number, machines, name, pf_name, result, start_date, build_product_id, jenkins_user_id) VALUES (297, '2024-06-08 00:45:30.000000', '74', '192.168.0.102,192.168.0.103', 'deploy-sicsd', 'AIX_ENGIE_PF', 'SUCCESS', '2024-06-08 00:44:32.000000', 929, 6);
--INSERT INTO deploy_pf (id, end_date, jenkins_number, machines, name, pf_name, result, start_date, build_product_id, jenkins_user_id) VALUES (296, '2024-06-07 07:42:58.000000', '399', '', 'deploy-sicsa', 'AIX_SICSD_PF_DEV', 'FAILURE', '2024-06-07 07:42:46.000000', 910, 6);
--INSERT INTO deploy_pf (id, end_date, jenkins_number, machines, name, pf_name, result, start_date, build_product_id, jenkins_user_id) VALUES (295, '2024-06-07 04:13:10.000000', '234', '192.168.4.1,192.168.4.3,192.168.4.31,192.168.4.41,192.168.4.42,192.168.4.43,192.168.4.44,192.168.4.51,192.168.4.52,192.168.4.61,192.168.4.62,192.168.4.63,192.168.4.71,192.168.4.72,192.168.4.81', 'deploy-sics', 'AIX_SICS_PF_DEV', 'UNSTABLE', '2024-06-07 03:54:20.000000', 903, 6);
--INSERT INTO deploy_pf (id, end_date, jenkins_number, machines, name, pf_name, result, start_date, build_product_id, jenkins_user_id) VALUES (294, '2024-06-07 02:08:00.000000', '233', '192.168.0.12,192.168.0.13', 'deploy-sics', 'AIX_ENGIE_PF', 'SUCCESS', '2024-06-07 01:47:10.000000', 897, 6);
--INSERT INTO deploy_pf (id, end_date, jenkins_number, machines, name, pf_name, result, start_date, build_product_id, jenkins_user_id) VALUES (293, '2024-06-07 01:22:50.000000', '73', ',TABLETTE-1,', 'deploy-sicsd', 'AIX_SICSD_PF_DEV', 'SUCCESS', '2024-06-07 01:18:24.000000', 902, 6);
--INSERT INTO deploy_pf (id, end_date, jenkins_number, machines, name, pf_name, result, start_date, build_product_id, jenkins_user_id) VALUES (292, '2024-06-07 01:19:16.000000', '72', '192.168.0.102,192.168.0.103', 'deploy-sicsd', 'AIX_ENGIE_PF', 'SUCCESS', '2024-06-07 01:18:15.000000', 902, 6);
--INSERT INTO deploy_pf (id, end_date, jenkins_number, machines, name, pf_name, result, start_date, build_product_id, jenkins_user_id) VALUES (291, '2024-06-06 07:43:43.000000', '398', '', 'deploy-sicsa', 'AIX_SICSD_PF_DEV', 'FAILURE', '2024-06-06 07:43:33.000000', 892, 6);
--INSERT INTO deploy_pf (id, end_date, jenkins_number, machines, name, pf_name, result, start_date, build_product_id, jenkins_user_id) VALUES (290, '2024-06-06 04:29:52.000000', '232', '192.168.4.1,192.168.4.3,192.168.4.31,192.168.4.41,192.168.4.42,192.168.4.43,192.168.4.44,192.168.4.51,192.168.4.52,192.168.4.61,192.168.4.62,192.168.4.63,192.168.4.71,192.168.4.72,192.168.4.81', 'deploy-sics', 'AIX_SICS_PF_DEV', 'UNSTABLE', '2024-06-06 04:10:39.000000', 885, 6);
--INSERT INTO deploy_pf (id, end_date, jenkins_number, machines, name, pf_name, result, start_date, build_product_id, jenkins_user_id) VALUES (289, '2024-06-06 02:31:42.000000', '231', '192.168.0.12,192.168.0.13', 'deploy-sics', 'AIX_ENGIE_PF', 'SUCCESS', '2024-06-06 02:09:41.000000', 879, 6);
--INSERT INTO deploy_pf (id, end_date, jenkins_number, machines, name, pf_name, result, start_date, build_product_id, jenkins_user_id) VALUES (288, '2024-06-06 01:00:48.000000', '71', ',TABLETTE-1,', 'deploy-sicsd', 'AIX_SICSD_PF_DEV', 'FAILURE', '2024-06-06 00:55:50.000000', 884, 6);
--INSERT INTO deploy_pf (id, end_date, jenkins_number, machines, name, pf_name, result, start_date, build_product_id, jenkins_user_id) VALUES (287, '2024-06-06 00:56:32.000000', '70', '192.168.0.102,192.168.0.103', 'deploy-sicsd', 'AIX_ENGIE_PF', 'SUCCESS', '2024-06-06 00:55:29.000000', 884, 6);
--INSERT INTO deploy_pf (id, end_date, jenkins_number, machines, name, pf_name, result, start_date, build_product_id, jenkins_user_id) VALUES (286, '2024-06-05 07:42:42.000000', '397', '', 'deploy-sicsa', 'AIX_SICSD_PF_DEV', 'FAILURE', '2024-06-05 07:42:36.000000', 865, 6);
--INSERT INTO deploy_pf (id, end_date, jenkins_number, machines, name, pf_name, result, start_date, build_product_id, jenkins_user_id) VALUES (285, '2024-06-05 02:21:11.000000', '230', '192.168.0.12,192.168.0.13', 'deploy-sics', 'AIX_ENGIE_PF', 'SUCCESS', '2024-06-05 01:59:38.000000', 851, 6);
--INSERT INTO deploy_pf (id, end_date, jenkins_number, machines, name, pf_name, result, start_date, build_product_id, jenkins_user_id) VALUES (284, '2024-06-05 01:00:47.000000', '69', ',DEVICE-ANDROID-2,DEVICE-ANDROID-4,TABLETTE-1,', 'deploy-sicsd', 'AIX_SICSD_PF_DEV', 'SUCCESS', '2024-06-05 00:53:55.000000', 856, 6);
--INSERT INTO deploy_pf (id, end_date, jenkins_number, machines, name, pf_name, result, start_date, build_product_id, jenkins_user_id) VALUES (283, '2024-06-05 00:54:46.000000', '68', '192.168.0.102,192.168.0.103', 'deploy-sicsd', 'AIX_ENGIE_PF', 'SUCCESS', '2024-06-05 00:53:48.000000', 856, 6);
--INSERT INTO deploy_pf (id, end_date, jenkins_number, machines, name, pf_name, result, start_date, build_product_id, jenkins_user_id) VALUES (282, '2024-06-04 08:19:47.000000', '394', '', 'deploy-sicsa', 'AIX_SICSD_PF_DEV', 'FAILURE', '2024-06-04 08:19:37.000000', 838, 6);
--INSERT INTO deploy_pf (id, end_date, jenkins_number, machines, name, pf_name, result, start_date, build_product_id, jenkins_user_id) VALUES (281, '2024-06-04 08:23:25.000000', '228', '192.168.4.1,192.168.4.3,192.168.4.31,192.168.4.41,192.168.4.42,192.168.4.43,192.168.4.44,192.168.4.51,192.168.4.52,192.168.4.61,192.168.4.62,192.168.4.63,192.168.4.71,192.168.4.72,192.168.4.81', 'deploy-sics', 'AIX_SICS_PF_DEV', 'UNSTABLE', '2024-06-04 02:17:47.000000', 824, 6);
--INSERT INTO deploy_pf (id, end_date, jenkins_number, machines, name, pf_name, result, start_date, build_product_id, jenkins_user_id) VALUES (280, '2024-06-04 02:38:12.000000', '229', '192.168.0.12,192.168.0.13', 'deploy-sics', 'AIX_ENGIE_PF', 'SUCCESS', '2024-06-04 02:17:44.000000', 824, 6);
--INSERT INTO deploy_pf (id, end_date, jenkins_number, machines, name, pf_name, result, start_date, build_product_id, jenkins_user_id) VALUES (279, NULL, '67', 'ERR-2,ERR-4,DEVICE-ANDROID-2,DEVICE-ANDROID-4,TABLETTE-1,', 'deploy-sicsd', 'AIX_SICSD_PF_DEV', 'UNKNOWN', '2024-06-04 00:51:42.000000', 829, 6);
--INSERT INTO deploy_pf (id, end_date, jenkins_number, machines, name, pf_name, result, start_date, build_product_id, jenkins_user_id) VALUES (278, '2024-06-04 00:52:22.000000', '66', '192.168.0.102,192.168.0.103', 'deploy-sicsd', 'AIX_ENGIE_PF', 'SUCCESS', '2024-06-04 00:51:25.000000', 829, 6);
--INSERT INTO deploy_pf (id, end_date, jenkins_number, machines, name, pf_name, result, start_date, build_product_id, jenkins_user_id) VALUES (277, '2024-06-03 05:15:48.000000', '392', 'ALAT-1,ALAT-2,ALAT-T1,', 'deploy-sicsa', 'AIX_SICSD_PF_DEV', 'FAILURE', '2024-06-03 05:13:03.000000', 815, 6);
--INSERT INTO deploy_pf (id, end_date, jenkins_number, machines, name, pf_name, result, start_date, build_product_id, jenkins_user_id) VALUES (276, '2024-06-01 02:11:50.000000', '227', '192.168.0.12,192.168.0.13', 'deploy-sics', 'AIX_ENGIE_PF', 'SUCCESS', '2024-06-01 01:50:05.000000', 803, 6);
--INSERT INTO deploy_pf (id, end_date, jenkins_number, machines, name, pf_name, result, start_date, build_product_id, jenkins_user_id) VALUES (275, '2024-06-01 00:50:25.000000', '65', 'ERR-2,ERR-4,DEVICE-ANDROID-2,DEVICE-ANDROID-4,TABLETTE-1,', 'deploy-sicsd', 'AIX_SICSD_PF_DEV', 'FAILURE', '2024-06-01 00:45:25.000000', 808, 6);
--
--INSERT INTO deploy_pf_details (id, cause, jenkins_number, end_date, machines, name, start_date, result, deploypf_id, jenkins_user_id) VALUES (461, ' - http://jenkins.sics/job/pims-deploy/4587/console', '4587', '2024-06-01 00:46:50.000000', 'ERR-2,ERR-4,', 'pims-deploy', '2024-06-01 00:45:40.000000', 'FAILURE', 275, 6);
--INSERT INTO deploy_pf_details (id, cause, jenkins_number, end_date, machines, name, start_date, result, deploypf_id, jenkins_user_id) VALUES (462, ' - http://jenkins.sics/job/macsd-platform-deploy/1146/console', '1146', '2024-06-01 00:47:52.000000', 'ERR-2,ERR-4,', 'macsd-platform-deploy', '2024-06-01 00:47:06.000000', 'FAILURE', 275, 6);
--INSERT INTO deploy_pf_details (id, cause, jenkins_number, end_date, machines, name, start_date, result, deploypf_id, jenkins_user_id) VALUES (463, ' - http://jenkins.sics/job/apk-platform-deploy/1008/console', '1008', '2024-06-01 00:50:24.000000', 'DEVICE-ANDROID-2,DEVICE-ANDROID-4,TABLETTE-1,', 'apk-platform-deploy', '2024-06-01 00:48:08.000000', 'FAILURE', 275, 6);
--INSERT INTO deploy_pf_details (id, cause, jenkins_number, end_date, machines, name, start_date, result, deploypf_id, jenkins_user_id) VALUES (464, '', '4588', '2024-06-01 01:50:44.000000', '192.168.0.12,192.168.0.13', 'pims-deploy', '2024-06-01 01:50:22.000000', 'SUCCESS', 276, 6);
--INSERT INTO deploy_pf_details (id, cause, jenkins_number, end_date, machines, name, start_date, result, deploypf_id, jenkins_user_id) VALUES (465, '', '5470', '2024-06-01 02:11:49.000000', '192.168.0.12,192.168.0.13', 'sics-platform-deploy', '2024-06-01 01:51:01.000000', 'SUCCESS', 276, 6);
--INSERT INTO deploy_pf_details (id, cause, jenkins_number, end_date, machines, name, start_date, result, deploypf_id, jenkins_user_id) VALUES (466, ' - http://jenkins.sics/job/pims-deploy/4589/console', '4589', '2024-06-03 05:14:41.000000', 'ALAT-1,ALAT-2,ALAT-T1,', 'pims-deploy', '2024-06-03 05:13:30.000000', 'FAILURE', 277, 6);
--INSERT INTO deploy_pf_details (id, cause, jenkins_number, end_date, machines, name, start_date, result, deploypf_id, jenkins_user_id) VALUES (467, 'N/A', '392', NULL, 'ALAT-1,ALAT-2,ALAT-T1,', 'deploy-sicsa', '2024-06-03 05:15:04.000000', 'UNKNOWN', 277, 6);
--INSERT INTO deploy_pf_details (id, cause, jenkins_number, end_date, machines, name, start_date, result, deploypf_id, jenkins_user_id) VALUES (468, 'Erreur OPAL -pimsDeploy- 701', '1147', '2024-06-03 09:14:15.000000', 'ERR-2,ERR-4,', 'macsd-platform-deploy', '2024-06-03 09:09:39.000000', 'UNSTABLE', 275, 32);
--INSERT INTO deploy_pf_details (id, cause, jenkins_number, end_date, machines, name, start_date, result, deploypf_id, jenkins_user_id) VALUES (469, ' - http://jenkins.sics/job/apk-platform-deploy/1009/console', '1009', '2024-06-03 09:14:04.000000', 'DEVICE-ANDROID-2,DEVICE-ANDROID-4,TABLETTE-1,', 'apk-platform-deploy', '2024-06-03 09:10:58.000000', 'FAILURE', 275, 32);
--INSERT INTO deploy_pf_details (id, cause, jenkins_number, end_date, machines, name, start_date, result, deploypf_id, jenkins_user_id) VALUES (470, '', '1148', '2024-06-03 09:26:58.000000', 'ERR-2,ERR-4,', 'macsd-platform-deploy', '2024-06-03 09:22:18.000000', 'SUCCESS', 275, 32);
--INSERT INTO deploy_pf_details (id, cause, jenkins_number, end_date, machines, name, start_date, result, deploypf_id, jenkins_user_id) VALUES (471, '', '1010', '2024-06-03 09:34:55.000000', 'DEVICE-ANDROID-2', 'apk-platform-deploy', '2024-06-03 09:29:43.000000', 'SUCCESS', 275, 32);
--INSERT INTO deploy_pf_details (id, cause, jenkins_number, end_date, machines, name, start_date, result, deploypf_id, jenkins_user_id) VALUES (472, '', '4590', '2024-06-04 00:52:06.000000', '192.168.0.102,192.168.0.103', 'pims-deploy', '2024-06-04 00:51:42.000000', 'SUCCESS', 278, 6);
--INSERT INTO deploy_pf_details (id, cause, jenkins_number, end_date, machines, name, start_date, result, deploypf_id, jenkins_user_id) VALUES (473, 'N/A', '4591', NULL, 'ERR-2,ERR-4,', 'pims-deploy', '2024-06-04 00:51:54.000000', 'UNKNOWN', 279, 6);
--INSERT INTO deploy_pf_details (id, cause, jenkins_number, end_date, machines, name, start_date, result, deploypf_id, jenkins_user_id) VALUES (474, '', '4592', '2024-06-04 02:18:25.000000', '192.168.0.12,192.168.0.13', 'pims-deploy', '2024-06-04 02:18:02.000000', 'SUCCESS', 280, 6);
--INSERT INTO deploy_pf_details (id, cause, jenkins_number, end_date, machines, name, start_date, result, deploypf_id, jenkins_user_id) VALUES (475, '', '4593', '2024-06-04 02:21:19.000000', '192.168.4.1,192.168.4.3,192.168.4.31,192.168.4.41,192.168.4.42,192.168.4.43,192.168.4.44,192.168.4.51,192.168.4.52,192.168.4.61,192.168.4.62,192.168.4.63,192.168.4.71,192.168.4.72,192.168.4.81', 'pims-deploy', '2024-06-04 02:18:03.000000', 'SUCCESS', 281, 6);
--INSERT INTO deploy_pf_details (id, cause, jenkins_number, end_date, machines, name, start_date, result, deploypf_id, jenkins_user_id) VALUES (476, '', '5482', '2024-06-04 02:38:10.000000', '192.168.0.12,192.168.0.13', 'sics-platform-deploy', '2024-06-04 02:18:43.000000', 'SUCCESS', 280, 6);
--INSERT INTO deploy_pf_details (id, cause, jenkins_number, end_date, machines, name, start_date, result, deploypf_id, jenkins_user_id) VALUES (477, 'Erreur OPAL -sicsMsiDeploy- -1 - http://jenkins.sics/job/sics-platform-deploy/5483/console', '5483', '2024-06-04 08:23:23.000000', '192.168.4.1,192.168.4.3,192.168.4.31,192.168.4.41,192.168.4.42,192.168.4.43,192.168.4.44,192.168.4.51,192.168.4.52,192.168.4.61,192.168.4.62,192.168.4.63,192.168.4.71,192.168.4.72,192.168.4.81', 'sics-platform-deploy', '2024-06-04 02:21:36.000000', 'FAILURE', 281, 6);
--INSERT INTO deploy_pf_details (id, cause, jenkins_number, end_date, machines, name, start_date, result, deploypf_id, jenkins_user_id) VALUES (478, '', '4594', '2024-06-05 00:54:29.000000', '192.168.0.102,192.168.0.103', 'pims-deploy', '2024-06-05 00:54:05.000000', 'SUCCESS', 283, 6);
--INSERT INTO deploy_pf_details (id, cause, jenkins_number, end_date, machines, name, start_date, result, deploypf_id, jenkins_user_id) VALUES (479, '', '4595', '2024-06-05 00:54:45.000000', ',', 'pims-deploy', '2024-06-05 00:54:13.000000', 'SUCCESS', 284, 6);
--INSERT INTO deploy_pf_details (id, cause, jenkins_number, end_date, machines, name, start_date, result, deploypf_id, jenkins_user_id) VALUES (480, '', '1151', '2024-06-05 00:55:27.000000', ',', 'macsd-platform-deploy', '2024-06-05 00:55:01.000000', 'SUCCESS', 284, 6);
--INSERT INTO deploy_pf_details (id, cause, jenkins_number, end_date, machines, name, start_date, result, deploypf_id, jenkins_user_id) VALUES (481, '', '1012', '2024-06-05 01:00:46.000000', 'DEVICE-ANDROID-2,DEVICE-ANDROID-4,TABLETTE-1,', 'apk-platform-deploy', '2024-06-05 00:55:41.000000', 'SUCCESS', 284, 6);
--INSERT INTO deploy_pf_details (id, cause, jenkins_number, end_date, machines, name, start_date, result, deploypf_id, jenkins_user_id) VALUES (482, '', '4596', '2024-06-05 02:00:16.000000', '192.168.0.12,192.168.0.13', 'pims-deploy', '2024-06-05 01:59:54.000000', 'SUCCESS', 285, 6);
--INSERT INTO deploy_pf_details (id, cause, jenkins_number, end_date, machines, name, start_date, result, deploypf_id, jenkins_user_id) VALUES (483, '', '5486', '2024-06-05 02:21:10.000000', '192.168.0.12,192.168.0.13', 'sics-platform-deploy', '2024-06-05 02:00:34.000000', 'SUCCESS', 285, 6);
--INSERT INTO deploy_pf_details (id, cause, jenkins_number, end_date, machines, name, start_date, result, deploypf_id, jenkins_user_id) VALUES (484, '', '4598', '2024-06-06 00:56:15.000000', '192.168.0.102,192.168.0.103', 'pims-deploy', '2024-06-06 00:55:50.000000', 'SUCCESS', 287, 6);
--INSERT INTO deploy_pf_details (id, cause, jenkins_number, end_date, machines, name, start_date, result, deploypf_id, jenkins_user_id) VALUES (485, ' - http://jenkins.sics/job/pims-deploy/4599/console', '4599', '2024-06-06 00:57:14.000000', ',', 'pims-deploy', '2024-06-06 00:56:05.000000', 'FAILURE', 288, 6);
--INSERT INTO deploy_pf_details (id, cause, jenkins_number, end_date, machines, name, start_date, result, deploypf_id, jenkins_user_id) VALUES (486, ' - http://jenkins.sics/job/macsd-platform-deploy/1153/console', '1153', '2024-06-06 00:58:16.000000', ',', 'macsd-platform-deploy', '2024-06-06 00:57:30.000000', 'FAILURE', 288, 6);
--INSERT INTO deploy_pf_details (id, cause, jenkins_number, end_date, machines, name, start_date, result, deploypf_id, jenkins_user_id) VALUES (487, ' - http://jenkins.sics/job/apk-platform-deploy/1014/console', '1014', '2024-06-06 01:00:47.000000', 'TABLETTE-1,', 'apk-platform-deploy', '2024-06-06 00:58:33.000000', 'FAILURE', 288, 6);
--INSERT INTO deploy_pf_details (id, cause, jenkins_number, end_date, machines, name, start_date, result, deploypf_id, jenkins_user_id) VALUES (488, '', '4600', '2024-06-06 02:10:24.000000', '192.168.0.12,192.168.0.13', 'pims-deploy', '2024-06-06 02:09:59.000000', 'SUCCESS', 289, 6);
--INSERT INTO deploy_pf_details (id, cause, jenkins_number, end_date, machines, name, start_date, result, deploypf_id, jenkins_user_id) VALUES (489, '', '5497', '2024-06-06 02:31:41.000000', '192.168.0.12,192.168.0.13', 'sics-platform-deploy', '2024-06-06 02:10:44.000000', 'SUCCESS', 289, 6);
--INSERT INTO deploy_pf_details (id, cause, jenkins_number, end_date, machines, name, start_date, result, deploypf_id, jenkins_user_id) VALUES (490, 'Erreur OPAL -pimsDeploy- 2901', '4601', '2024-06-06 04:14:08.000000', '192.168.4.1,192.168.4.3,192.168.4.31,192.168.4.41,192.168.4.42,192.168.4.43,192.168.4.44,192.168.4.51,192.168.4.52,192.168.4.61,192.168.4.62,192.168.4.63,192.168.4.71,192.168.4.72,192.168.4.81', 'pims-deploy', '2024-06-06 04:10:56.000000', 'UNSTABLE', 290, 6);
--INSERT INTO deploy_pf_details (id, cause, jenkins_number, end_date, machines, name, start_date, result, deploypf_id, jenkins_user_id) VALUES (491, 'Erreur OPAL -sicsMsiDeploy- 3571Erreur OPAL -sicsStart-2924 - http://jenkins.sics/job/sics-platform-deploy/5498/console', '5498', '2024-06-06 04:29:51.000000', '192.168.4.1,192.168.4.3,192.168.4.31,192.168.4.41,192.168.4.42,192.168.4.43,192.168.4.44,192.168.4.51,192.168.4.52,192.168.4.61,192.168.4.62,192.168.4.63,192.168.4.71,192.168.4.72,192.168.4.81', 'sics-platform-deploy', '2024-06-06 04:14:25.000000', 'FAILURE', 290, 6);
--INSERT INTO deploy_pf_details (id, cause, jenkins_number, end_date, machines, name, start_date, result, deploypf_id, jenkins_user_id) VALUES (512, '', '149', '2024-06-10 16:51:17.000000', 'TABLETTE-1', 'cha_pims-deploy', '2024-06-10 16:51:17.000000', 'SUCCESS', 304, 13);
--INSERT INTO deploy_pf_details (id, cause, jenkins_number, end_date, machines, name, start_date, result, deploypf_id, jenkins_user_id) VALUES (513, '', '150', '2024-06-10 17:17:54.000000', '192.168.4.1,192.168.4.3,192.168.4.31,192.168.4.41,192.168.4.42,192.168.4.43,192.168.4.44,192.168.4.51,192.168.4.52,192.168.4.61,192.168.4.62,192.168.4.63,192.168.4.71,192.168.4.72,192.168.4.81', 'cha_pims-deploy', '2024-06-10 17:17:53.000000', 'SUCCESS', 295, 13);
--INSERT INTO deploy_pf_details (id, cause, jenkins_number, end_date, machines, name, start_date, result, deploypf_id, jenkins_user_id) VALUES (514, '', '4616', '2024-06-11 00:46:05.000000', '192.168.0.102,192.168.0.103', 'pims-deploy', '2024-06-11 00:45:41.000000', 'SUCCESS', 305, 6);
--INSERT INTO deploy_pf_details (id, cause, jenkins_number, end_date, machines, name, start_date, result, deploypf_id, jenkins_user_id) VALUES (515, '', '4617', '2024-06-11 00:49:18.000000', 'ERR-2,ERR-4,', 'pims-deploy', '2024-06-11 00:45:41.000000', 'SUCCESS', 306, 6);
--INSERT INTO deploy_pf_details (id, cause, jenkins_number, end_date, machines, name, start_date, result, deploypf_id, jenkins_user_id) VALUES (516, '', '1156', '2024-06-11 00:54:34.000000', 'ERR-2,ERR-4,', 'macsd-platform-deploy', '2024-06-11 00:49:45.000000', 'SUCCESS', 306, 6);
--INSERT INTO deploy_pf_details (id, cause, jenkins_number, end_date, machines, name, start_date, result, deploypf_id, jenkins_user_id) VALUES (517, '', '1017', '2024-06-11 01:00:09.000000', 'DEVICE-ANDROID-2,DEVICE-ANDROID-4,TABLETTE-1,', 'apk-platform-deploy', '2024-06-11 00:54:52.000000', 'SUCCESS', 306, 6);
--INSERT INTO deploy_pf_details (id, cause, jenkins_number, end_date, machines, name, start_date, result, deploypf_id, jenkins_user_id) VALUES (518, '', '4618', '2024-06-11 04:51:41.000000', '192.168.0.12,192.168.0.13', 'pims-deploy', '2024-06-11 04:51:18.000000', 'SUCCESS', 307, 6);
--INSERT INTO deploy_pf_details (id, cause, jenkins_number, end_date, machines, name, start_date, result, deploypf_id, jenkins_user_id) VALUES (519, '', '5520', '2024-06-11 05:12:41.000000', '192.168.0.12,192.168.0.13', 'sics-platform-deploy', '2024-06-11 04:51:59.000000', 'SUCCESS', 307, 6);
--INSERT INTO deploy_pf_details (id, cause, jenkins_number, end_date, machines, name, start_date, result, deploypf_id, jenkins_user_id) VALUES (520, 'Erreur OPAL -pimsDeploy- -1', '4619', '2024-06-12 11:51:41.000000', '192.168.4.1,192.168.4.3,192.168.4.31,192.168.4.41,192.168.4.42,192.168.4.43,192.168.4.44,192.168.4.51,192.168.4.52,192.168.4.61,192.168.4.62,192.168.4.63,192.168.4.71,192.168.4.72,192.168.4.81', 'pims-deploy', '2024-06-12 00:49:44.000000', 'UNSTABLE', 308, 6);
--INSERT INTO deploy_pf_details (id, cause, jenkins_number, end_date, machines, name, start_date, result, deploypf_id, jenkins_user_id) VALUES (521, '', '4620', '2024-06-12 05:04:53.000000', '192.168.0.12,192.168.0.13', 'pims-deploy', '2024-06-12 05:04:31.000000', 'SUCCESS', 309, 6);
--INSERT INTO deploy_pf_details (id, cause, jenkins_number, end_date, machines, name, start_date, result, deploypf_id, jenkins_user_id) VALUES (522, '', '5522', '2024-06-12 05:26:22.000000', '192.168.0.12,192.168.0.13', 'sics-platform-deploy', '2024-06-12 05:05:10.000000', 'SUCCESS', 309, 6);
--INSERT INTO deploy_pf_details (id, cause, jenkins_number, end_date, machines, name, start_date, result, deploypf_id, jenkins_user_id) VALUES (523, 'Erreur OPAL -sicsMsiDeploy- -1Erreur OPAL -sicsStart-1005 - http://jenkins.sics/job/sics-platform-deploy/5525/console', '5525', '2024-06-12 15:31:20.000000', '192.168.4.1,192.168.4.3,192.168.4.31,192.168.4.41,192.168.4.42,192.168.4.43,192.168.4.44,192.168.4.51,192.168.4.52,192.168.4.61,192.168.4.62,192.168.4.63,192.168.4.71,192.168.4.72,192.168.4.81', 'sics-platform-deploy', '2024-06-12 11:52:15.000000', 'FAILURE', 308, 6);
--INSERT INTO deploy_pf_details (id, cause, jenkins_number, end_date, machines, name, start_date, result, deploypf_id, jenkins_user_id) VALUES (524, '', '4621', '2024-06-13 00:49:32.000000', '192.168.4.1,192.168.4.3,192.168.4.31,192.168.4.41,192.168.4.42,192.168.4.43,192.168.4.44,192.168.4.51,192.168.4.52,192.168.4.61,192.168.4.62,192.168.4.63,192.168.4.71,192.168.4.72,192.168.4.81', 'pims-deploy', '2024-06-13 00:46:18.000000', 'SUCCESS', 310, 6);
--INSERT INTO deploy_pf_details (id, cause, jenkins_number, end_date, machines, name, start_date, result, deploypf_id, jenkins_user_id) VALUES (525, '', '5526', '2024-06-13 01:01:25.000000', '192.168.4.1,192.168.4.3,192.168.4.31,192.168.4.41,192.168.4.42,192.168.4.43,192.168.4.44,192.168.4.51,192.168.4.52,192.168.4.61,192.168.4.62,192.168.4.63,192.168.4.71,192.168.4.72,192.168.4.81', 'sics-platform-deploy', '2024-06-13 00:49:49.000000', 'SUCCESS', 310, 6);
--INSERT INTO deploy_pf_details (id, cause, jenkins_number, end_date, machines, name, start_date, result, deploypf_id, jenkins_user_id) VALUES (526, '', '4623', '2024-06-14 00:46:25.000000', '192.168.4.1,192.168.4.3,192.168.4.31,192.168.4.41,192.168.4.42,192.168.4.43,192.168.4.44,192.168.4.51,192.168.4.52,192.168.4.61,192.168.4.62,192.168.4.63,192.168.4.71,192.168.4.72,192.168.4.81', 'pims-deploy', '2024-06-14 00:43:12.000000', 'SUCCESS', 311, 6);
--INSERT INTO deploy_pf_details (id, cause, jenkins_number, end_date, machines, name, start_date, result, deploypf_id, jenkins_user_id) VALUES (527, '', '5537', '2024-06-14 00:58:49.000000', '192.168.4.1,192.168.4.3,192.168.4.31,192.168.4.41,192.168.4.42,192.168.4.43,192.168.4.44,192.168.4.51,192.168.4.52,192.168.4.61,192.168.4.62,192.168.4.63,192.168.4.71,192.168.4.72,192.168.4.81', 'sics-platform-deploy', '2024-06-14 00:46:42.000000', 'SUCCESS', 311, 6);
--INSERT INTO deploy_pf_details (id, cause, jenkins_number, end_date, machines, name, start_date, result, deploypf_id, jenkins_user_id) VALUES (528, '', '4624', '2024-06-14 04:48:46.000000', '192.168.1.1,192.168.1.2,192.168.1.3,192.168.1.31,192.168.1.41,192.168.1.42,192.168.1.43,192.168.1.44,192.168.1.51,192.168.1.52,192.168.1.61,192.168.1.62,192.168.1.63,192.168.1.71,192.168.1.72,192.168.1.81,192.168.1.82,192.168.1.83', 'pims-deploy', '2024-06-14 04:45:33.000000', 'SUCCESS', 312, 6);
--INSERT INTO deploy_pf_details (id, cause, jenkins_number, end_date, machines, name, start_date, result, deploypf_id, jenkins_user_id) VALUES (529, '', '4625', '2024-06-14 04:45:59.000000', '192.168.0.12,192.168.0.13', 'pims-deploy', '2024-06-14 04:45:34.000000', 'SUCCESS', 313, 6);
--INSERT INTO deploy_pf_details (id, cause, jenkins_number, end_date, machines, name, start_date, result, deploypf_id, jenkins_user_id) VALUES (530, '', '5538', '2024-06-14 05:06:31.000000', '192.168.0.12,192.168.0.13', 'sics-platform-deploy', '2024-06-14 04:46:16.000000', 'SUCCESS', 313, 6);
--INSERT INTO deploy_pf_details (id, cause, jenkins_number, end_date, machines, name, start_date, result, deploypf_id, jenkins_user_id) VALUES (531, 'Erreur OPAL -sicsMsiDeploy- 503 - http://jenkins.sics/job/sics-platform-deploy/5539/console', '5539', '2024-06-14 05:16:48.000000', '192.168.1.1,192.168.1.2,192.168.1.3,192.168.1.31,192.168.1.41,192.168.1.42,192.168.1.43,192.168.1.44,192.168.1.51,192.168.1.52,192.168.1.61,192.168.1.62,192.168.1.63,192.168.1.71,192.168.1.72,192.168.1.81,192.168.1.82,192.168.1.83', 'sics-platform-deploy', '2024-06-14 04:49:02.000000', 'FAILURE', 312, 6);
--INSERT INTO deploy_pf_details (id, cause, jenkins_number, end_date, machines, name, start_date, result, deploypf_id, jenkins_user_id) VALUES (532, '', '4626', '2024-06-14 06:01:51.000000', 'ALAT-1,', 'pims-deploy', '2024-06-14 05:53:10.000000', 'SUCCESS', 314, 6);
--INSERT INTO deploy_pf_details (id, cause, jenkins_number, end_date, machines, name, start_date, result, deploypf_id, jenkins_user_id) VALUES (533, 'N/A', '404', '2024-06-14 06:11:16.000000', 'ALAT-1,', 'deploy-sicsa', '2024-06-14 06:04:56.000000', 'SUCCESS', 314, 6);
--INSERT INTO deploy_pf_details (id, cause, jenkins_number, end_date, machines, name, start_date, result, deploypf_id, jenkins_user_id) VALUES (534, '', '4627', '2024-06-14 08:35:57.000000', 'ALAT-T1,', 'pims-deploy', '2024-06-14 08:32:20.000000', 'SUCCESS', 315, 6);
--INSERT INTO deploy_pf_details (id, cause, jenkins_number, end_date, machines, name, start_date, result, deploypf_id, jenkins_user_id) VALUES (535, 'N/A', '405', '2024-06-14 08:38:59.000000', 'ALAT-T1,', 'deploy-sicsa', '2024-06-14 08:37:21.000000', 'SUCCESS', 314, 32);
--INSERT INTO deploy_pf_details (id, cause, jenkins_number, end_date, machines, name, start_date, result, deploypf_id, jenkins_user_id) VALUES (536, ' - http://jenkins.sics/job/pims-deploy/4628/console', '4628', '2024-06-15 01:51:31.000000', '192.168.4.1,192.168.4.3,192.168.4.31,192.168.4.41,192.168.4.42,192.168.4.43,192.168.4.44,192.168.4.51,192.168.4.52,192.168.4.61,192.168.4.62,192.168.4.63,192.168.4.71,192.168.4.72,192.168.4.81', 'pims-deploy', '2024-06-15 01:50:20.000000', 'FAILURE', 316, 6);
--INSERT INTO deploy_pf_details (id, cause, jenkins_number, end_date, machines, name, start_date, result, deploypf_id, jenkins_user_id) VALUES (537, ' - http://jenkins.sics/job/sics-platform-deploy/5540/console', '5540', '2024-06-15 01:53:03.000000', '192.168.4.1,192.168.4.3,192.168.4.31,192.168.4.41,192.168.4.42,192.168.4.43,192.168.4.44,192.168.4.51,192.168.4.52,192.168.4.61,192.168.4.62,192.168.4.63,192.168.4.71,192.168.4.72,192.168.4.81', 'sics-platform-deploy', '2024-06-15 01:51:48.000000', 'FAILURE', 316, 6);
--INSERT INTO deploy_pf_details (id, cause, jenkins_number, end_date, machines, name, start_date, result, deploypf_id, jenkins_user_id) VALUES (538, ' - http://jenkins.sics/job/pims-deploy/4629/console', '4629', '2024-06-15 04:52:45.000000', '192.168.0.12,192.168.0.13', 'pims-deploy', '2024-06-15 04:51:34.000000', 'FAILURE', 317, 6);
--INSERT INTO deploy_pf_details (id, cause, jenkins_number, end_date, machines, name, start_date, result, deploypf_id, jenkins_user_id) VALUES (539, ' - http://jenkins.sics/job/pims-deploy/4630/console', '4630', '2024-06-15 04:52:45.000000', '192.168.1.1,192.168.1.2,192.168.1.3,192.168.1.31,192.168.1.41,192.168.1.42,192.168.1.43,192.168.1.44,192.168.1.51,192.168.1.52,192.168.1.61,192.168.1.62,192.168.1.63,192.168.1.71,192.168.1.72,192.168.1.81,192.168.1.82,192.168.1.83', 'pims-deploy', '2024-06-15 04:51:34.000000', 'FAILURE', 318, 6);
--INSERT INTO deploy_pf_details (id, cause, jenkins_number, end_date, machines, name, start_date, result, deploypf_id, jenkins_user_id) VALUES (540, ' - http://jenkins.sics/job/sics-platform-deploy/5542/console', '5542', '2024-06-15 04:54:16.000000', '192.168.1.1,192.168.1.2,192.168.1.3,192.168.1.31,192.168.1.41,192.168.1.42,192.168.1.43,192.168.1.44,192.168.1.51,192.168.1.52,192.168.1.61,192.168.1.62,192.168.1.63,192.168.1.71,192.168.1.72,192.168.1.81,192.168.1.82,192.168.1.83', 'sics-platform-deploy', '2024-06-15 04:53:02.000000', 'FAILURE', 318, 6);
--INSERT INTO deploy_pf_details (id, cause, jenkins_number, end_date, machines, name, start_date, result, deploypf_id, jenkins_user_id) VALUES (541, ' - http://jenkins.sics/job/sics-platform-deploy/5541/console', '5541', '2024-06-15 04:54:17.000000', '192.168.0.12,192.168.0.13', 'sics-platform-deploy', '2024-06-15 04:53:03.000000', 'FAILURE', 317, 6);
--INSERT INTO deploy_pf_details (id, cause, jenkins_number, end_date, machines, name, start_date, result, deploypf_id, jenkins_user_id) VALUES (542, ' - http://jenkins.sics/job/pims-deploy/4631/console', '4631', '2024-06-17 05:59:33.000000', 'ALAT-1,ALAT-T1', 'pims-deploy', '2024-06-17 05:58:24.000000', 'FAILURE', 319, 6);
--INSERT INTO deploy_pf_details (id, cause, jenkins_number, end_date, machines, name, start_date, result, deploypf_id, jenkins_user_id) VALUES (543, 'N/A', '406', NULL, 'ALAT-1,ALAT-T1', 'deploy-sicsa', '2024-06-17 05:59:56.000000', 'UNKNOWN', 319, 6);
--INSERT INTO deploy_pf_details (id, cause, jenkins_number, end_date, machines, name, start_date, result, deploypf_id, jenkins_user_id) VALUES (544, '', '4632', '2024-06-17 08:49:01.000000', 'ALAT-1,ALAT-T1', 'pims-deploy', '2024-06-17 08:41:03.000000', 'SUCCESS', 320, 6);
--INSERT INTO deploy_pf_details (id, cause, jenkins_number, end_date, machines, name, start_date, result, deploypf_id, jenkins_user_id) VALUES (545, 'N/A', '407', '2024-06-17 08:58:50.000000', 'ALAT-1,ALAT-T1', 'deploy-sicsa', '2024-06-17 08:52:08.000000', 'SUCCESS', 319, 32);
--INSERT INTO deploy_pf_details (id, cause, jenkins_number, end_date, machines, name, start_date, result, deploypf_id, jenkins_user_id) VALUES (546, '', '4634', '2024-06-17 15:52:46.000000', 'ALAT-2', 'pims-deploy', '2024-06-17 15:45:28.000000', 'SUCCESS', 321, 6);
--INSERT INTO deploy_pf_details (id, cause, jenkins_number, end_date, machines, name, start_date, result, deploypf_id, jenkins_user_id) VALUES (547, 'N/A', '408', '2024-06-17 16:00:46.000000', 'ALAT-2', 'deploy-sicsa', '2024-06-17 15:55:51.000000', 'SUCCESS', 319, 32);
--INSERT INTO deploy_pf_details (id, cause, jenkins_number, end_date, machines, name, start_date, result, deploypf_id, jenkins_user_id) VALUES (548, '', '4636', '2024-06-18 04:21:18.000000', '192.168.4.1,192.168.4.3,192.168.4.31,192.168.4.41,192.168.4.42,192.168.4.43,192.168.4.44,192.168.4.51,192.168.4.52,192.168.4.61,192.168.4.62,192.168.4.63,192.168.4.71,192.168.4.72,192.168.4.81', 'pims-deploy', '2024-06-18 01:52:17.000000', 'SUCCESS', 322, 6);
--INSERT INTO deploy_pf_details (id, cause, jenkins_number, end_date, machines, name, start_date, result, deploypf_id, jenkins_user_id) VALUES (549, '', '5552', '2024-06-18 07:03:02.000000', '192.168.4.1,192.168.4.3,192.168.4.31,192.168.4.41,192.168.4.42,192.168.4.43,192.168.4.44,192.168.4.51,192.168.4.52,192.168.4.61,192.168.4.62,192.168.4.63,192.168.4.71,192.168.4.72,192.168.4.81', 'sics-platform-deploy', '2024-06-18 04:21:40.000000', 'SUCCESS', 322, 6);
--INSERT INTO deploy_pf_details (id, cause, jenkins_number, end_date, machines, name, start_date, result, deploypf_id, jenkins_user_id) VALUES (550, 'Erreur OPAL -pimsDeploy- 701', '4638', '2024-06-18 05:01:45.000000', '192.168.1.1,192.168.1.2,192.168.1.3,192.168.1.31,192.168.1.41,192.168.1.42,192.168.1.43,192.168.1.44,192.168.1.51,192.168.1.52,192.168.1.61,192.168.1.62,192.168.1.63,192.168.1.71,192.168.1.72,192.168.1.81,192.168.1.82,192.168.1.83', 'pims-deploy', '2024-06-18 04:58:13.000000', 'UNSTABLE', 324, 6);
--INSERT INTO deploy_pf_details (id, cause, jenkins_number, end_date, machines, name, start_date, result, deploypf_id, jenkins_user_id) VALUES (551, '', '4637', '2024-06-18 04:58:48.000000', '192.168.0.12,192.168.0.13', 'pims-deploy', '2024-06-18 04:58:15.000000', 'SUCCESS', 323, 6);
--INSERT INTO deploy_pf_details (id, cause, jenkins_number, end_date, machines, name, start_date, result, deploypf_id, jenkins_user_id) VALUES (552, '', '5553', '2024-06-18 05:19:40.000000', '192.168.0.12,192.168.0.13', 'sics-platform-deploy', '2024-06-18 04:59:05.000000', 'SUCCESS', 323, 6);
--INSERT INTO deploy_pf_details (id, cause, jenkins_number, end_date, machines, name, start_date, result, deploypf_id, jenkins_user_id) VALUES (553, 'Erreur OPAL -sicsMsiDeploy- 701Erreur OPAL -sicsStart-701 - http://jenkins.sics/job/sics-platform-deploy/5554/console', '5554', '2024-06-18 05:31:44.000000', '192.168.1.1,192.168.1.2,192.168.1.3,192.168.1.31,192.168.1.41,192.168.1.42,192.168.1.43,192.168.1.44,192.168.1.51,192.168.1.52,192.168.1.61,192.168.1.62,192.168.1.63,192.168.1.71,192.168.1.72,192.168.1.81,192.168.1.82,192.168.1.83', 'sics-platform-deploy', '2024-06-18 05:01:58.000000', 'FAILURE', 324, 6);
--INSERT INTO deploy_pf_details (id, cause, jenkins_number, end_date, machines, name, start_date, result, deploypf_id, jenkins_user_id) VALUES (554, 'Erreur OPAL -pimsDeploy- 701', '4641', '2024-06-19 06:16:12.000000', '192.168.1.1,192.168.1.2,192.168.1.3,192.168.1.31,192.168.1.41,192.168.1.42,192.168.1.43,192.168.1.44,192.168.1.51,192.168.1.52,192.168.1.61,192.168.1.62,192.168.1.63,192.168.1.71,192.168.1.72,192.168.1.81,192.168.1.82,192.168.1.83', 'pims-deploy', '2024-06-19 06:12:40.000000', 'UNSTABLE', 326, 6);
--INSERT INTO deploy_pf_details (id, cause, jenkins_number, end_date, machines, name, start_date, result, deploypf_id, jenkins_user_id) VALUES (555, '', '4640', '2024-06-19 06:13:06.000000', '192.168.0.12,192.168.0.13', 'pims-deploy', '2024-06-19 06:12:44.000000', 'SUCCESS', 325, 6);
--INSERT INTO deploy_pf_details (id, cause, jenkins_number, end_date, machines, name, start_date, result, deploypf_id, jenkins_user_id) VALUES (556, '', '5556', '2024-06-19 06:34:40.000000', '192.168.0.12,192.168.0.13', 'sics-platform-deploy', '2024-06-19 06:13:29.000000', 'SUCCESS', 325, 6);
--INSERT INTO deploy_pf_details (id, cause, jenkins_number, end_date, machines, name, start_date, result, deploypf_id, jenkins_user_id) VALUES (557, 'Erreur OPAL -sicsMsiDeploy- 701Erreur OPAL -sicsStart-701 - http://jenkins.sics/job/sics-platform-deploy/5557/console', '5557', '2024-06-19 06:45:02.000000', '192.168.1.1,192.168.1.2,192.168.1.3,192.168.1.31,192.168.1.41,192.168.1.42,192.168.1.43,192.168.1.44,192.168.1.51,192.168.1.52,192.168.1.61,192.168.1.62,192.168.1.63,192.168.1.71,192.168.1.72,192.168.1.81,192.168.1.82,192.168.1.83', 'sics-platform-deploy', '2024-06-19 06:16:26.000000', 'FAILURE', 326, 6);
--INSERT INTO deploy_pf_details (id, cause, jenkins_number, end_date, machines, name, start_date, result, deploypf_id, jenkins_user_id) VALUES (558, 'Erreur OPAL -pimsDeploy- 701', '4643', '2024-06-20 04:45:53.000000', '192.168.1.1,192.168.1.2,192.168.1.3,192.168.1.31,192.168.1.41,192.168.1.42,192.168.1.43,192.168.1.44,192.168.1.51,192.168.1.52,192.168.1.61,192.168.1.62,192.168.1.63,192.168.1.71,192.168.1.72,192.168.1.81,192.168.1.82,192.168.1.83', 'pims-deploy', '2024-06-20 04:41:57.000000', 'UNSTABLE', 327, 6);
--INSERT INTO deploy_pf_details (id, cause, jenkins_number, end_date, machines, name, start_date, result, deploypf_id, jenkins_user_id) VALUES (559, '', '4644', '2024-06-20 04:42:21.000000', '192.168.0.12,192.168.0.13', 'pims-deploy', '2024-06-20 04:41:58.000000', 'SUCCESS', 328, 6);
--INSERT INTO deploy_pf_details (id, cause, jenkins_number, end_date, machines, name, start_date, result, deploypf_id, jenkins_user_id) VALUES (560, '', '5559', '2024-06-20 05:02:07.000000', '192.168.0.12,192.168.0.13', 'sics-platform-deploy', '2024-06-20 04:42:39.000000', 'SUCCESS', 328, 6);
--INSERT INTO deploy_pf_details (id, cause, jenkins_number, end_date, machines, name, start_date, result, deploypf_id, jenkins_user_id) VALUES (561, 'Erreur OPAL -sicsMsiDeploy- 701Erreur OPAL -sicsStart-701 - http://jenkins.sics/job/sics-platform-deploy/5560/console', '5560', '2024-06-20 05:18:08.000000', '192.168.1.1,192.168.1.2,192.168.1.3,192.168.1.31,192.168.1.41,192.168.1.42,192.168.1.43,192.168.1.44,192.168.1.51,192.168.1.52,192.168.1.61,192.168.1.62,192.168.1.63,192.168.1.71,192.168.1.72,192.168.1.81,192.168.1.82,192.168.1.83', 'sics-platform-deploy', '2024-06-20 04:46:08.000000', 'FAILURE', 327, 6);
--INSERT INTO deploy_pf_details (id, cause, jenkins_number, end_date, machines, name, start_date, result, deploypf_id, jenkins_user_id) VALUES (562, '', '4645', '2024-06-21 04:59:11.000000', '192.168.0.12,192.168.0.13', 'pims-deploy', '2024-06-21 04:58:47.000000', 'SUCCESS', 329, 6);
--INSERT INTO deploy_pf_details (id, cause, jenkins_number, end_date, machines, name, start_date, result, deploypf_id, jenkins_user_id) VALUES (563, 'Erreur OPAL -pimsDeploy- 701', '4646', '2024-06-21 05:02:47.000000', '192.168.1.1,192.168.1.2,192.168.1.3,192.168.1.31,192.168.1.41,192.168.1.42,192.168.1.43,192.168.1.44,192.168.1.51,192.168.1.52,192.168.1.61,192.168.1.62,192.168.1.63,192.168.1.71,192.168.1.72,192.168.1.81,192.168.1.82,192.168.1.83', 'pims-deploy', '2024-06-21 04:58:51.000000', 'UNSTABLE', 330, 6);
--INSERT INTO deploy_pf_details (id, cause, jenkins_number, end_date, machines, name, start_date, result, deploypf_id, jenkins_user_id) VALUES (564, '', '5561', '2024-06-21 05:18:00.000000', '192.168.0.12,192.168.0.13', 'sics-platform-deploy', '2024-06-21 04:59:39.000000', 'SUCCESS', 329, 6);
--INSERT INTO deploy_pf_details (id, cause, jenkins_number, end_date, machines, name, start_date, result, deploypf_id, jenkins_user_id) VALUES (565, 'Erreur OPAL -sicsMsiDeploy- 701Erreur OPAL -sicsStart-701 - http://jenkins.sics/job/sics-platform-deploy/5562/console', '5562', '2024-06-21 05:33:19.000000', '192.168.1.1,192.168.1.2,192.168.1.3,192.168.1.31,192.168.1.41,192.168.1.42,192.168.1.43,192.168.1.44,192.168.1.51,192.168.1.52,192.168.1.61,192.168.1.62,192.168.1.63,192.168.1.71,192.168.1.72,192.168.1.81,192.168.1.82,192.168.1.83', 'sics-platform-deploy', '2024-06-21 05:03:06.000000', 'FAILURE', 330, 6);
--INSERT INTO deploy_pf_details (id, cause, jenkins_number, end_date, machines, name, start_date, result, deploypf_id, jenkins_user_id) VALUES (566, '', '4648', '2024-06-25 05:05:27.000000', '192.168.0.12,192.168.0.13', 'pims-deploy', '2024-06-25 05:05:01.000000', 'SUCCESS', 331, 6);
--INSERT INTO deploy_pf_details (id, cause, jenkins_number, end_date, machines, name, start_date, result, deploypf_id, jenkins_user_id) VALUES (567, '', '4649', '2024-06-25 05:10:40.000000', '192.168.1.1,192.168.1.2,192.168.1.3,192.168.1.31,192.168.1.41,192.168.1.42,192.168.1.43,192.168.1.44,192.168.1.51,192.168.1.52,192.168.1.61,192.168.1.62,192.168.1.63,192.168.1.71,192.168.1.72,192.168.1.81,192.168.1.82,192.168.1.83', 'pims-deploy', '2024-06-25 05:05:01.000000', 'SUCCESS', 332, 6);
--INSERT INTO deploy_pf_details (id, cause, jenkins_number, end_date, machines, name, start_date, result, deploypf_id, jenkins_user_id) VALUES (568, '', '5565', '2024-06-25 05:23:55.000000', '192.168.0.12,192.168.0.13', 'sics-platform-deploy', '2024-06-25 05:05:48.000000', 'SUCCESS', 331, 6);
--INSERT INTO deploy_pf_details (id, cause, jenkins_number, end_date, machines, name, start_date, result, deploypf_id, jenkins_user_id) VALUES (569, 'Erreur OPAL -sicsMsiDeploy- 535Erreur OPAL -sicsStart-2924 - http://jenkins.sics/job/sics-platform-deploy/5566/console', '5566', '2024-06-25 05:43:33.000000', '192.168.1.1,192.168.1.2,192.168.1.3,192.168.1.31,192.168.1.41,192.168.1.42,192.168.1.43,192.168.1.44,192.168.1.51,192.168.1.52,192.168.1.61,192.168.1.62,192.168.1.63,192.168.1.71,192.168.1.72,192.168.1.81,192.168.1.82,192.168.1.83', 'sics-platform-deploy', '2024-06-25 05:10:56.000000', 'FAILURE', 332, 6);
--INSERT INTO deploy_pf_details (id, cause, jenkins_number, end_date, machines, name, start_date, result, deploypf_id, jenkins_user_id) VALUES (570, '', '4650', '2024-06-26 05:11:37.000000', '192.168.1.1,192.168.1.2,192.168.1.3,192.168.1.31,192.168.1.41,192.168.1.42,192.168.1.43,192.168.1.44,192.168.1.51,192.168.1.52,192.168.1.61,192.168.1.62,192.168.1.63,192.168.1.71,192.168.1.72,192.168.1.81,192.168.1.82,192.168.1.83', 'pims-deploy', '2024-06-26 05:07:20.000000', 'SUCCESS', 333, 6);
--INSERT INTO deploy_pf_details (id, cause, jenkins_number, end_date, machines, name, start_date, result, deploypf_id, jenkins_user_id) VALUES (571, '', '4651', '2024-06-26 05:07:52.000000', '192.168.0.12,192.168.0.13', 'pims-deploy', '2024-06-26 05:07:29.000000', 'SUCCESS', 334, 6);
--INSERT INTO deploy_pf_details (id, cause, jenkins_number, end_date, machines, name, start_date, result, deploypf_id, jenkins_user_id) VALUES (572, '', '5567', '2024-06-26 05:26:43.000000', '192.168.0.12,192.168.0.13', 'sics-platform-deploy', '2024-06-26 05:08:14.000000', 'SUCCESS', 334, 6);
--INSERT INTO deploy_pf_details (id, cause, jenkins_number, end_date, machines, name, start_date, result, deploypf_id, jenkins_user_id) VALUES (573, 'Erreur OPAL -sicsMsiDeploy- 535Erreur OPAL -sicsStart-2924 - http://jenkins.sics/job/sics-platform-deploy/5568/console', '5568', '2024-06-26 05:41:01.000000', '192.168.1.1,192.168.1.2,192.168.1.3,192.168.1.31,192.168.1.41,192.168.1.42,192.168.1.43,192.168.1.44,192.168.1.51,192.168.1.52,192.168.1.61,192.168.1.62,192.168.1.63,192.168.1.71,192.168.1.72,192.168.1.81,192.168.1.82,192.168.1.83', 'sics-platform-deploy', '2024-06-26 05:11:50.000000', 'FAILURE', 333, 6);
--INSERT INTO deploy_pf_details (id, cause, jenkins_number, end_date, machines, name, start_date, result, deploypf_id, jenkins_user_id) VALUES (574, 'Erreur OPAL -pimsDeploy- 2901', '4652', '2024-06-26 06:10:15.000000', 'ALAT-1,ALAT-2,ALAT-T1', 'pims-deploy', '2024-06-26 06:06:49.000000', 'UNSTABLE', 335, 6);
--INSERT INTO deploy_pf_details (id, cause, jenkins_number, end_date, machines, name, start_date, result, deploypf_id, jenkins_user_id) VALUES (575, 'N/A', '417', '2024-06-26 06:15:18.000000', 'ALAT-1,ALAT-2,ALAT-T1', 'deploy-sicsa', '2024-06-26 06:11:29.000000', 'SUCCESS', 335, 6);
--INSERT INTO deploy_pf_details (id, cause, jenkins_number, end_date, machines, name, start_date, result, deploypf_id, jenkins_user_id) VALUES (576, '', '4654', '2024-06-27 05:06:40.000000', '192.168.1.1,192.168.1.2,192.168.1.3,192.168.1.31,192.168.1.41,192.168.1.42,192.168.1.43,192.168.1.44,192.168.1.51,192.168.1.52,192.168.1.61,192.168.1.62,192.168.1.63,192.168.1.71,192.168.1.72,192.168.1.81,192.168.1.82,192.168.1.83', 'pims-deploy', '2024-06-27 05:01:39.000000', 'SUCCESS', 337, 6);
--INSERT INTO deploy_pf_details (id, cause, jenkins_number, end_date, machines, name, start_date, result, deploypf_id, jenkins_user_id) VALUES (577, '', '4653', '2024-06-27 05:02:06.000000', '192.168.0.12,192.168.0.13', 'pims-deploy', '2024-06-27 05:01:40.000000', 'SUCCESS', 336, 6);
--INSERT INTO deploy_pf_details (id, cause, jenkins_number, end_date, machines, name, start_date, result, deploypf_id, jenkins_user_id) VALUES (578, '', '5569', '2024-06-27 05:21:20.000000', '192.168.0.12,192.168.0.13', 'sics-platform-deploy', '2024-06-27 05:02:34.000000', 'SUCCESS', 336, 6);
--INSERT INTO deploy_pf_details (id, cause, jenkins_number, end_date, machines, name, start_date, result, deploypf_id, jenkins_user_id) VALUES (579, 'Erreur OPAL -sicsMsiDeploy- 535Erreur OPAL -sicsStart-2924 - http://jenkins.sics/job/sics-platform-deploy/5570/console', '5570', '2024-06-27 05:39:38.000000', '192.168.1.1,192.168.1.2,192.168.1.3,192.168.1.31,192.168.1.41,192.168.1.42,192.168.1.43,192.168.1.44,192.168.1.51,192.168.1.52,192.168.1.61,192.168.1.62,192.168.1.63,192.168.1.71,192.168.1.72,192.168.1.81,192.168.1.82,192.168.1.83', 'sics-platform-deploy', '2024-06-27 05:06:57.000000', 'FAILURE', 337, 6);
--INSERT INTO deploy_pf_details (id, cause, jenkins_number, end_date, machines, name, start_date, result, deploypf_id, jenkins_user_id) VALUES (580, '', '4655', '2024-06-28 05:06:50.000000', '192.168.0.12,192.168.0.13', 'pims-deploy', '2024-06-28 05:06:25.000000', 'SUCCESS', 338, 6);
--INSERT INTO deploy_pf_details (id, cause, jenkins_number, end_date, machines, name, start_date, result, deploypf_id, jenkins_user_id) VALUES (581, '', '4656', '2024-06-28 05:10:50.000000', '192.168.1.1,192.168.1.2,192.168.1.3,192.168.1.31,192.168.1.41,192.168.1.42,192.168.1.43,192.168.1.44,192.168.1.51,192.168.1.52,192.168.1.61,192.168.1.62,192.168.1.63,192.168.1.71,192.168.1.72,192.168.1.81,192.168.1.82,192.168.1.83', 'pims-deploy', '2024-06-28 05:06:26.000000', 'SUCCESS', 339, 6);
--INSERT INTO deploy_pf_details (id, cause, jenkins_number, end_date, machines, name, start_date, result, deploypf_id, jenkins_user_id) VALUES (582, '', '5571', '2024-06-28 05:26:18.000000', '192.168.0.12,192.168.0.13', 'sics-platform-deploy', '2024-06-28 05:07:08.000000', 'SUCCESS', 338, 6);
--INSERT INTO deploy_pf_details (id, cause, jenkins_number, end_date, machines, name, start_date, result, deploypf_id, jenkins_user_id) VALUES (583, 'Erreur OPAL -sicsMsiDeploy- 2913Erreur OPAL -sicsStart-2924 - http://jenkins.sics/job/sics-platform-deploy/5572/console', '5572', '2024-06-28 06:37:54.000000', '192.168.1.1,192.168.1.2,192.168.1.3,192.168.1.31,192.168.1.41,192.168.1.42,192.168.1.43,192.168.1.44,192.168.1.51,192.168.1.52,192.168.1.61,192.168.1.62,192.168.1.63,192.168.1.71,192.168.1.72,192.168.1.81,192.168.1.82,192.168.1.83', 'sics-platform-deploy', '2024-06-28 05:11:06.000000', 'FAILURE', 339, 6);
--INSERT INTO deploy_pf_details (id, cause, jenkins_number, end_date, machines, name, start_date, result, deploypf_id, jenkins_user_id) VALUES (584, 'Erreur OPAL -pimsDeploy- 701', '4657', '2024-06-28 08:05:45.000000', 'ALAT-1,ALAT-2,ALAT-T1', 'pims-deploy', '2024-06-28 08:02:13.000000', 'UNSTABLE', 340, 6);
--INSERT INTO deploy_pf_details (id, cause, jenkins_number, end_date, machines, name, start_date, result, deploypf_id, jenkins_user_id) VALUES (585, 'Erreur OPAL -sicsaDeploy- 701', '420', '2024-06-28 08:09:40.000000', 'ALAT-1,ALAT-2,ALAT-T1', 'deploy-sicsa', '2024-06-28 08:06:59.000000', 'UNSTABLE', 340, 6);
--INSERT INTO deploy_pf_details (id, cause, jenkins_number, end_date, machines, name, start_date, result, deploypf_id, jenkins_user_id) VALUES (586, '', '4658', '2024-06-29 05:17:04.000000', '192.168.0.12,192.168.0.13', 'pims-deploy', '2024-06-29 05:16:44.000000', 'SUCCESS', 341, 6);
--INSERT INTO deploy_pf_details (id, cause, jenkins_number, end_date, machines, name, start_date, result, deploypf_id, jenkins_user_id) VALUES (587, '', '4659', '2024-06-29 05:20:22.000000', '192.168.1.1,192.168.1.2,192.168.1.3,192.168.1.31,192.168.1.41,192.168.1.42,192.168.1.43,192.168.1.44,192.168.1.51,192.168.1.52,192.168.1.61,192.168.1.62,192.168.1.63,192.168.1.71,192.168.1.72,192.168.1.81,192.168.1.82,192.168.1.83', 'pims-deploy', '2024-06-29 05:16:47.000000', 'SUCCESS', 342, 6);
--INSERT INTO deploy_pf_details (id, cause, jenkins_number, end_date, machines, name, start_date, result, deploypf_id, jenkins_user_id) VALUES (588, '', '5573', '2024-06-29 05:36:06.000000', '192.168.0.12,192.168.0.13', 'sics-platform-deploy', '2024-06-29 05:17:19.000000', 'SUCCESS', 341, 6);
--INSERT INTO deploy_pf_details (id, cause, jenkins_number, end_date, machines, name, start_date, result, deploypf_id, jenkins_user_id) VALUES (589, 'Erreur OPAL -sicsMsiDeploy- -1Erreur OPAL -sicsStart-2924 - http://jenkins.sics/job/sics-platform-deploy/5574/console', '5574', '2024-06-29 23:58:05.000000', '192.168.1.1,192.168.1.2,192.168.1.3,192.168.1.31,192.168.1.41,192.168.1.42,192.168.1.43,192.168.1.44,192.168.1.51,192.168.1.52,192.168.1.61,192.168.1.62,192.168.1.63,192.168.1.71,192.168.1.72,192.168.1.81,192.168.1.82,192.168.1.83', 'sics-platform-deploy', '2024-06-29 05:20:39.000000', 'FAILURE', 342, 6);
--INSERT INTO deploy_pf_details (id, cause, jenkins_number, end_date, machines, name, start_date, result, deploypf_id, jenkins_user_id) VALUES (590, 'Erreur OPAL -pimsDeploy- 2901', '4660', '2024-07-01 07:25:22.000000', 'ALAT-1,ALAT-2,ALAT-T1', 'pims-deploy', '2024-07-01 07:21:44.000000', 'UNSTABLE', 343, 6);
--INSERT INTO deploy_pf_details (id, cause, jenkins_number, end_date, machines, name, start_date, result, deploypf_id, jenkins_user_id) VALUES (591, 'N/A', '422', '2024-07-01 07:30:29.000000', 'ALAT-1,ALAT-2,ALAT-T1', 'deploy-sicsa', '2024-07-01 07:26:36.000000', 'SUCCESS', 343, 6);
--INSERT INTO deploy_pf_details (id, cause, jenkins_number, end_date, machines, name, start_date, result, deploypf_id, jenkins_user_id) VALUES (592, '', '4661', '2024-07-02 03:20:38.000000', '192.168.1.1,192.168.1.2,192.168.1.3,192.168.1.31,192.168.1.41,192.168.1.42,192.168.1.43,192.168.1.44,192.168.1.51,192.168.1.52,192.168.1.61,192.168.1.62,192.168.1.63,192.168.1.71,192.168.1.72,192.168.1.81,192.168.1.82,192.168.1.83', 'pims-deploy', '2024-07-02 03:16:31.000000', 'SUCCESS', 344, 6);
--INSERT INTO deploy_pf_details (id, cause, jenkins_number, end_date, machines, name, start_date, result, deploypf_id, jenkins_user_id) VALUES (593, 'Erreur OPAL -sicsMsiDeploy- 535Erreur OPAL -sicsStart-2924 - http://jenkins.sics/job/sics-platform-deploy/5576/console', '5576', '2024-07-02 03:52:33.000000', '192.168.1.1,192.168.1.2,192.168.1.3,192.168.1.31,192.168.1.41,192.168.1.42,192.168.1.43,192.168.1.44,192.168.1.51,192.168.1.52,192.168.1.61,192.168.1.62,192.168.1.63,192.168.1.71,192.168.1.72,192.168.1.81,192.168.1.82,192.168.1.83', 'sics-platform-deploy', '2024-07-02 03:20:58.000000', 'FAILURE', 344, 6);
--INSERT INTO deploy_pf_details (id, cause, jenkins_number, end_date, machines, name, start_date, result, deploypf_id, jenkins_user_id) VALUES (594, '', '4662', '2024-07-03 02:03:31.000000', '192.168.1.1,192.168.1.2,192.168.1.3,192.168.1.31,192.168.1.41,192.168.1.42,192.168.1.43,192.168.1.44,192.168.1.51,192.168.1.52,192.168.1.61,192.168.1.62,192.168.1.63,192.168.1.71,192.168.1.72,192.168.1.81,192.168.1.82,192.168.1.83', 'pims-deploy', '2024-07-03 01:59:16.000000', 'SUCCESS', 346, 6);
--INSERT INTO deploy_pf_details (id, cause, jenkins_number, end_date, machines, name, start_date, result, deploypf_id, jenkins_user_id) VALUES (595, 'Erreur OPAL -sicsMsiDeploy- 535Erreur OPAL -sicsStart-2924 - http://jenkins.sics/job/sics-platform-deploy/5581/console', '5581', '2024-07-03 02:34:42.000000', '192.168.1.1,192.168.1.2,192.168.1.3,192.168.1.31,192.168.1.41,192.168.1.42,192.168.1.43,192.168.1.44,192.168.1.51,192.168.1.52,192.168.1.61,192.168.1.62,192.168.1.63,192.168.1.71,192.168.1.72,192.168.1.81,192.168.1.82,192.168.1.83', 'sics-platform-deploy', '2024-07-03 02:03:46.000000', 'FAILURE', 346, 6);
--INSERT INTO deploy_pf_details (id, cause, jenkins_number, end_date, machines, name, start_date, result, deploypf_id, jenkins_user_id) VALUES (596, 'Erreur OPAL -pimsDeploy- 701', '4663', '2024-07-03 08:55:34.000000', 'ALAT-1,ALAT-2,ALAT-T1,', 'pims-deploy', '2024-07-03 08:47:57.000000', 'UNSTABLE', 347, 6);
--INSERT INTO deploy_pf_details (id, cause, jenkins_number, end_date, machines, name, start_date, result, deploypf_id, jenkins_user_id) VALUES (597, 'Erreur OPAL -sicsaDeploy- 701', '426', '2024-07-03 08:59:52.000000', 'ALAT-1,ALAT-2,ALAT-T1,', 'deploy-sicsa', '2024-07-03 08:56:48.000000', 'UNSTABLE', 347, 6);
--INSERT INTO deploy_pf_details (id, cause, jenkins_number, end_date, machines, name, start_date, result, deploypf_id, jenkins_user_id) VALUES (598, '', '4664', '2024-07-04 02:31:22.000000', '192.168.1.1,192.168.1.2,192.168.1.3,192.168.1.31,192.168.1.41,192.168.1.42,192.168.1.43,192.168.1.44,192.168.1.51,192.168.1.52,192.168.1.61,192.168.1.62,192.168.1.63,192.168.1.71,192.168.1.72,192.168.1.81,192.168.1.82,192.168.1.83', 'pims-deploy', '2024-07-04 02:27:06.000000', 'SUCCESS', 348, 6);
--INSERT INTO deploy_pf_details (id, cause, jenkins_number, end_date, machines, name, start_date, result, deploypf_id, jenkins_user_id) VALUES (599, 'Erreur OPAL -sicsMsiDeploy- 535Erreur OPAL -sicsStart-2924 - http://jenkins.sics/job/sics-platform-deploy/5582/console', '5582', '2024-07-04 03:03:01.000000', '192.168.1.1,192.168.1.2,192.168.1.3,192.168.1.31,192.168.1.41,192.168.1.42,192.168.1.43,192.168.1.44,192.168.1.51,192.168.1.52,192.168.1.61,192.168.1.62,192.168.1.63,192.168.1.71,192.168.1.72,192.168.1.81,192.168.1.82,192.168.1.83', 'sics-platform-deploy', '2024-07-04 02:31:39.000000', 'FAILURE', 348, 6);
--INSERT INTO deploy_pf_details (id, cause, jenkins_number, end_date, machines, name, start_date, result, deploypf_id, jenkins_user_id) VALUES (600, '', '4665', '2024-07-04 04:39:55.000000', '192.168.0.12,192.168.0.13', 'pims-deploy', '2024-07-04 04:39:28.000000', 'SUCCESS', 349, 6);
--INSERT INTO deploy_pf_details (id, cause, jenkins_number, end_date, machines, name, start_date, result, deploypf_id, jenkins_user_id) VALUES (601, '', '5583', '2024-07-04 04:59:49.000000', '192.168.0.12,192.168.0.13', 'sics-platform-deploy', '2024-07-04 04:40:12.000000', 'SUCCESS', 349, 6);
--INSERT INTO deploy_pf_details (id, cause, jenkins_number, end_date, machines, name, start_date, result, deploypf_id, jenkins_user_id) VALUES (602, '', '4666', '2024-07-05 02:08:19.000000', '192.168.1.1,192.168.1.2,192.168.1.3,192.168.1.31,192.168.1.41,192.168.1.42,192.168.1.43,192.168.1.44,192.168.1.51,192.168.1.52,192.168.1.61,192.168.1.62,192.168.1.63,192.168.1.71,192.168.1.72,192.168.1.81,192.168.1.82,192.168.1.83', 'pims-deploy', '2024-07-05 02:04:51.000000', 'SUCCESS', 350, 6);
--INSERT INTO deploy_pf_details (id, cause, jenkins_number, end_date, machines, name, start_date, result, deploypf_id, jenkins_user_id) VALUES (603, '', '4667', '2024-07-05 02:05:17.000000', '192.168.0.12,192.168.0.13', 'pims-deploy', '2024-07-05 02:04:55.000000', 'SUCCESS', 351, 6);
--INSERT INTO deploy_pf_details (id, cause, jenkins_number, end_date, machines, name, start_date, result, deploypf_id, jenkins_user_id) VALUES (604, '', '5587', '2024-07-05 02:25:01.000000', '192.168.0.12,192.168.0.13', 'sics-platform-deploy', '2024-07-05 02:05:37.000000', 'SUCCESS', 351, 6);
--INSERT INTO deploy_pf_details (id, cause, jenkins_number, end_date, machines, name, start_date, result, deploypf_id, jenkins_user_id) VALUES (605, 'Erreur OPAL -sicsMsiDeploy- 2763Erreur OPAL -sicsStart-2924 - http://jenkins.sics/job/sics-platform-deploy/5588/console', '5588', '2024-07-05 02:40:29.000000', '192.168.1.1,192.168.1.2,192.168.1.3,192.168.1.31,192.168.1.41,192.168.1.42,192.168.1.43,192.168.1.44,192.168.1.51,192.168.1.52,192.168.1.61,192.168.1.62,192.168.1.63,192.168.1.71,192.168.1.72,192.168.1.81,192.168.1.82,192.168.1.83', 'sics-platform-deploy', '2024-07-05 02:08:32.000000', 'FAILURE', 350, 6);
--INSERT INTO deploy_pf_details (id, cause, jenkins_number, end_date, machines, name, start_date, result, deploypf_id, jenkins_user_id) VALUES (606, '', '4668', '2024-07-05 07:36:27.000000', 'ALAT-1,ALAT-2,ALAT-T1,', 'pims-deploy', '2024-07-05 07:32:44.000000', 'SUCCESS', 352, 6);
--INSERT INTO deploy_pf_details (id, cause, jenkins_number, end_date, machines, name, start_date, result, deploypf_id, jenkins_user_id) VALUES (607, 'N/A', '427', '2024-07-05 07:41:49.000000', 'ALAT-1,ALAT-2,ALAT-T1,', 'deploy-sicsa', '2024-07-05 07:37:52.000000', 'SUCCESS', 352, 6);
--INSERT INTO deploy_pf_details (id, cause, jenkins_number, end_date, machines, name, start_date, result, deploypf_id, jenkins_user_id) VALUES (608, 'Erreur OPAL -sicsMsiDeploy- 2763Erreur OPAL -sicsStart-2924 - http://jenkins.sics/job/sics-platform-deploy/5589/console', '5589', '2024-07-05 09:33:13.000000', '192.168.1.1,192.168.1.2,192.168.1.3,192.168.1.31,192.168.1.41,192.168.1.42,192.168.1.43,192.168.1.44,192.168.1.51,192.168.1.52,192.168.1.61,192.168.1.62,192.168.1.63,192.168.1.71,192.168.1.72,192.168.1.81,192.168.1.82,192.168.1.83', 'sics-platform-deploy', '2024-07-05 09:01:07.000000', 'FAILURE', 350, 17);
--INSERT INTO deploy_pf_details (id, cause, jenkins_number, end_date, machines, name, start_date, result, deploypf_id, jenkins_user_id) VALUES (609, '', '4671', '2024-07-06 01:54:40.000000', '192.168.0.12,192.168.0.13', 'pims-deploy', '2024-07-06 01:54:16.000000', 'SUCCESS', 354, 6);
--INSERT INTO deploy_pf_details (id, cause, jenkins_number, end_date, machines, name, start_date, result, deploypf_id, jenkins_user_id) VALUES (610, '', '4670', '2024-07-06 01:58:20.000000', '192.168.1.1,192.168.1.2,192.168.1.3,192.168.1.31,192.168.1.41,192.168.1.42,192.168.1.43,192.168.1.44,192.168.1.51,192.168.1.52,192.168.1.61,192.168.1.62,192.168.1.63,192.168.1.71,192.168.1.72,192.168.1.81,192.168.1.82,192.168.4.1,192.168.4.3,192.168.4.31,192.168.4.41,192.168.4.42,192.168.4.43,192.168.4.44,192.168.4.51,192.168.4.52,192.168.4.61,192.168.4.62,192.168.4.63,192.168.4.71,192.168.4.72,192.168.4.81', 'pims-deploy', '2024-07-06 01:54:18.000000', 'SUCCESS', 353, 6);
--INSERT INTO deploy_pf_details (id, cause, jenkins_number, end_date, machines, name, start_date, result, deploypf_id, jenkins_user_id) VALUES (611, '', '5591', '2024-07-06 02:14:35.000000', '192.168.0.12,192.168.0.13', 'sics-platform-deploy', '2024-07-06 01:54:54.000000', 'SUCCESS', 354, 6);
--INSERT INTO deploy_pf_details (id, cause, jenkins_number, end_date, machines, name, start_date, result, deploypf_id, jenkins_user_id) VALUES (612, 'Erreur OPAL -sicsMsiDeploy- 2924Erreur OPAL -sicsStart-2924 - http://jenkins.sics/job/sics-platform-deploy/5592/console', '5592', '2024-07-06 02:31:07.000000', '192.168.1.1,192.168.1.2,192.168.1.3,192.168.1.31,192.168.1.41,192.168.1.42,192.168.1.43,192.168.1.44,192.168.1.51,192.168.1.52,192.168.1.61,192.168.1.62,192.168.1.63,192.168.1.71,192.168.1.72,192.168.1.81,192.168.1.82,192.168.4.1,192.168.4.3,192.168.4.31,192.168.4.41,192.168.4.42,192.168.4.43,192.168.4.44,192.168.4.51,192.168.4.52,192.168.4.61,192.168.4.62,192.168.4.63,192.168.4.71,192.168.4.72,192.168.4.81', 'sics-platform-deploy', '2024-07-06 01:58:36.000000', 'FAILURE', 353, 6);
--INSERT INTO deploy_pf_details (id, cause, jenkins_number, end_date, machines, name, start_date, result, deploypf_id, jenkins_user_id) VALUES (613, '', '4672', '2024-07-06 05:28:34.000000', '192.168.1.1,192.168.1.2,192.168.1.3,192.168.1.31,192.168.1.41,192.168.1.42,192.168.1.43,192.168.1.44,192.168.1.51,192.168.1.52,192.168.1.61,192.168.1.62,192.168.1.63,192.168.1.71,192.168.1.72,192.168.1.81,192.168.1.82,192.168.4.1,192.168.4.3,192.168.4.31,192.168.4.41,192.168.4.42,192.168.4.43,192.168.4.44,192.168.4.51,192.168.4.52,192.168.4.61,192.168.4.62,192.168.4.63,192.168.4.71,192.168.4.72,192.168.4.81', 'pims-deploy', '2024-07-06 05:18:22.000000', 'SUCCESS', 355, 6);
--INSERT INTO deploy_pf_details (id, cause, jenkins_number, end_date, machines, name, start_date, result, deploypf_id, jenkins_user_id) VALUES (614, '', '4673', '2024-07-06 05:18:45.000000', '192.168.0.12,192.168.0.13', 'pims-deploy', '2024-07-06 05:18:25.000000', 'SUCCESS', 356, 6);
--INSERT INTO deploy_pf_details (id, cause, jenkins_number, end_date, machines, name, start_date, result, deploypf_id, jenkins_user_id) VALUES (615, '', '5593', '2024-07-06 05:39:00.000000', '192.168.0.12,192.168.0.13', 'sics-platform-deploy', '2024-07-06 05:19:05.000000', 'SUCCESS', 356, 6);
--INSERT INTO deploy_pf_details (id, cause, jenkins_number, end_date, machines, name, start_date, result, deploypf_id, jenkins_user_id) VALUES (616, 'Erreur OPAL -sicsMsiDeploy- 2924Erreur OPAL -sicsStart-2924 - http://jenkins.sics/job/sics-platform-deploy/5594/console', '5594', '2024-07-06 06:06:56.000000', '192.168.1.1,192.168.1.2,192.168.1.3,192.168.1.31,192.168.1.41,192.168.1.42,192.168.1.43,192.168.1.44,192.168.1.51,192.168.1.52,192.168.1.61,192.168.1.62,192.168.1.63,192.168.1.71,192.168.1.72,192.168.1.81,192.168.1.82,192.168.4.1,192.168.4.3,192.168.4.31,192.168.4.41,192.168.4.42,192.168.4.43,192.168.4.44,192.168.4.51,192.168.4.52,192.168.4.61,192.168.4.62,192.168.4.63,192.168.4.71,192.168.4.72,192.168.4.81', 'sics-platform-deploy', '2024-07-06 05:28:51.000000', 'FAILURE', 355, 6);
--INSERT INTO deploy_pf_details (id, cause, jenkins_number, end_date, machines, name, start_date, result, deploypf_id, jenkins_user_id) VALUES (617, '', '4674', '2024-07-08 07:41:35.000000', 'ALAT-2,', 'pims-deploy', '2024-07-08 07:39:02.000000', 'SUCCESS', 357, 6);
--INSERT INTO deploy_pf_details (id, cause, jenkins_number, end_date, machines, name, start_date, result, deploypf_id, jenkins_user_id) VALUES (618, 'N/A', '429', '2024-07-08 07:44:46.000000', 'ALAT-2,', 'deploy-sicsa', '2024-07-08 07:42:57.000000', 'SUCCESS', 357, 6);
--INSERT INTO deploy_pf_details (id, cause, jenkins_number, end_date, machines, name, start_date, result, deploypf_id, jenkins_user_id) VALUES (619, '', '4678', '2024-07-10 02:05:23.000000', '192.168.0.12,192.168.0.13', 'pims-deploy', '2024-07-10 02:04:54.000000', 'SUCCESS', 359, 6);
--INSERT INTO deploy_pf_details (id, cause, jenkins_number, end_date, machines, name, start_date, result, deploypf_id, jenkins_user_id) VALUES (620, '', '4677', '2024-07-10 02:09:31.000000', '192.168.1.1,192.168.1.2,192.168.1.3,192.168.1.31,192.168.1.41,192.168.1.42,192.168.1.43,192.168.1.44,192.168.1.51,192.168.1.52,192.168.1.61,192.168.1.62,192.168.1.63,192.168.1.71,192.168.1.72,192.168.1.81,192.168.1.82,192.168.4.1,192.168.4.3,192.168.4.31,192.168.4.41,192.168.4.42,192.168.4.43,192.168.4.44,192.168.4.51,192.168.4.52,192.168.4.61,192.168.4.62,192.168.4.63,192.168.4.71,192.168.4.72,192.168.4.81', 'pims-deploy', '2024-07-10 02:04:54.000000', 'SUCCESS', 358, 6);
--INSERT INTO deploy_pf_details (id, cause, jenkins_number, end_date, machines, name, start_date, result, deploypf_id, jenkins_user_id) VALUES (621, '', '5602', '2024-07-10 02:25:56.000000', '192.168.0.12,192.168.0.13', 'sics-platform-deploy', '2024-07-10 02:05:46.000000', 'SUCCESS', 359, 6);
--INSERT INTO deploy_pf_details (id, cause, jenkins_number, end_date, machines, name, start_date, result, deploypf_id, jenkins_user_id) VALUES (622, 'Erreur OPAL -sicsMsiDeploy- 2924Erreur OPAL -sicsStart-2924 - http://jenkins.sics/job/sics-platform-deploy/5603/console', '5603', '2024-07-10 02:43:33.000000', '192.168.1.1,192.168.1.2,192.168.1.3,192.168.1.31,192.168.1.41,192.168.1.42,192.168.1.43,192.168.1.44,192.168.1.51,192.168.1.52,192.168.1.61,192.168.1.62,192.168.1.63,192.168.1.71,192.168.1.72,192.168.1.81,192.168.1.82,192.168.4.1,192.168.4.3,192.168.4.31,192.168.4.41,192.168.4.42,192.168.4.43,192.168.4.44,192.168.4.51,192.168.4.52,192.168.4.61,192.168.4.62,192.168.4.63,192.168.4.71,192.168.4.72,192.168.4.81', 'sics-platform-deploy', '2024-07-10 02:09:47.000000', 'FAILURE', 358, 6);
--INSERT INTO deploy_pf_details (id, cause, jenkins_number, end_date, machines, name, start_date, result, deploypf_id, jenkins_user_id) VALUES (623, 'Erreur OPAL -pimsDeploy- 2901', '4681', '2024-07-11 02:02:26.000000', '192.168.1.1,192.168.1.2,192.168.1.3,192.168.1.31,192.168.1.41,192.168.1.42,192.168.1.43,192.168.1.44,192.168.1.51,192.168.1.52,192.168.1.61,192.168.1.62,192.168.1.63,192.168.1.71,192.168.1.72,192.168.1.81,192.168.1.82,192.168.4.1,192.168.4.3,192.168.4.31,192.168.4.41,192.168.4.42,192.168.4.43,192.168.4.44,192.168.4.51,192.168.4.52,192.168.4.61,192.168.4.62,192.168.4.63,192.168.4.71,192.168.4.72,192.168.4.81', 'pims-deploy', '2024-07-11 01:58:20.000000', 'UNSTABLE', 361, 6);
--INSERT INTO deploy_pf_details (id, cause, jenkins_number, end_date, machines, name, start_date, result, deploypf_id, jenkins_user_id) VALUES (624, '', '4680', '2024-07-11 01:58:46.000000', '192.168.0.12,192.168.0.13', 'pims-deploy', '2024-07-11 01:58:23.000000', 'SUCCESS', 360, 6);
--INSERT INTO deploy_pf_details (id, cause, jenkins_number, end_date, machines, name, start_date, result, deploypf_id, jenkins_user_id) VALUES (625, '', '5611', '2024-07-11 02:17:38.000000', '192.168.0.12,192.168.0.13', 'sics-platform-deploy', '2024-07-11 01:59:03.000000', 'SUCCESS', 360, 6);
--INSERT INTO deploy_pf_details (id, cause, jenkins_number, end_date, machines, name, start_date, result, deploypf_id, jenkins_user_id) VALUES (626, 'Erreur OPAL -sicsMsiDeploy- 2912Erreur OPAL -sicsStart-2924 - http://jenkins.sics/job/sics-platform-deploy/5612/console', '5612', '2024-07-11 02:35:02.000000', '192.168.1.1,192.168.1.2,192.168.1.3,192.168.1.31,192.168.1.41,192.168.1.42,192.168.1.43,192.168.1.44,192.168.1.51,192.168.1.52,192.168.1.61,192.168.1.62,192.168.1.63,192.168.1.71,192.168.1.72,192.168.1.81,192.168.1.82,192.168.4.1,192.168.4.3,192.168.4.31,192.168.4.41,192.168.4.42,192.168.4.43,192.168.4.44,192.168.4.51,192.168.4.52,192.168.4.61,192.168.4.62,192.168.4.63,192.168.4.71,192.168.4.72,192.168.4.81', 'sics-platform-deploy', '2024-07-11 02:02:39.000000', 'FAILURE', 361, 6);
--INSERT INTO deploy_pf_details (id, cause, jenkins_number, end_date, machines, name, start_date, result, deploypf_id, jenkins_user_id) VALUES (627, '', '4682', '2024-07-11 06:01:18.000000', 'ALAT-2,', 'pims-deploy', '2024-07-11 05:58:40.000000', 'SUCCESS', 362, 6);
--INSERT INTO deploy_pf_details (id, cause, jenkins_number, end_date, machines, name, start_date, result, deploypf_id, jenkins_user_id) VALUES (628, 'N/A', '432', '2024-07-11 06:04:27.000000', 'ALAT-2,', 'deploy-sicsa', '2024-07-11 06:02:39.000000', 'SUCCESS', 362, 6);
--INSERT INTO deploy_pf_details (id, cause, jenkins_number, end_date, machines, name, start_date, result, deploypf_id, jenkins_user_id) VALUES (629, '', '4685', '2024-07-12 01:39:47.000000', '192.168.0.12,192.168.0.13', 'pims-deploy', '2024-07-12 01:39:25.000000', 'SUCCESS', 364, 6);
--INSERT INTO deploy_pf_details (id, cause, jenkins_number, end_date, machines, name, start_date, result, deploypf_id, jenkins_user_id) VALUES (630, '', '4684', '2024-07-12 01:43:24.000000', '192.168.1.1,192.168.1.2,192.168.1.3,192.168.1.31,192.168.1.41,192.168.1.42,192.168.1.43,192.168.1.44,192.168.1.51,192.168.1.52,192.168.1.61,192.168.1.62,192.168.1.63,192.168.1.71,192.168.1.72,192.168.1.81,192.168.1.82,192.168.4.1,192.168.4.3,192.168.4.31,192.168.4.41,192.168.4.42,192.168.4.43,192.168.4.44,192.168.4.51,192.168.4.52,192.168.4.61,192.168.4.62,192.168.4.63,192.168.4.71,192.168.4.72,192.168.4.81', 'pims-deploy', '2024-07-12 01:39:25.000000', 'SUCCESS', 363, 6);
--INSERT INTO deploy_pf_details (id, cause, jenkins_number, end_date, machines, name, start_date, result, deploypf_id, jenkins_user_id) VALUES (631, '', '5619', '2024-07-12 01:56:50.000000', '192.168.0.12,192.168.0.13', 'sics-platform-deploy', '2024-07-12 01:40:05.000000', 'SUCCESS', 364, 6);
--INSERT INTO deploy_pf_details (id, cause, jenkins_number, end_date, machines, name, start_date, result, deploypf_id, jenkins_user_id) VALUES (632, 'Erreur OPAL -sicsMsiDeploy- 2924Erreur OPAL -sicsStart-2924 - http://jenkins.sics/job/sics-platform-deploy/5620/console', '5620', '2024-07-12 02:16:27.000000', '192.168.1.1,192.168.1.2,192.168.1.3,192.168.1.31,192.168.1.41,192.168.1.42,192.168.1.43,192.168.1.44,192.168.1.51,192.168.1.52,192.168.1.61,192.168.1.62,192.168.1.63,192.168.1.71,192.168.1.72,192.168.1.81,192.168.1.82,192.168.4.1,192.168.4.3,192.168.4.31,192.168.4.41,192.168.4.42,192.168.4.43,192.168.4.44,192.168.4.51,192.168.4.52,192.168.4.61,192.168.4.62,192.168.4.63,192.168.4.71,192.168.4.72,192.168.4.81', 'sics-platform-deploy', '2024-07-12 01:43:39.000000', 'FAILURE', 363, 6);
--INSERT INTO deploy_pf_details (id, cause, jenkins_number, end_date, machines, name, start_date, result, deploypf_id, jenkins_user_id) VALUES (633, 'Erreur OPAL -pimsDeploy- 2901', '4686', '2024-07-12 01:58:09.000000', 'ERR-2,ERR-4,', 'pims-deploy', '2024-07-12 01:54:45.000000', 'UNSTABLE', 365, 6);
--INSERT INTO deploy_pf_details (id, cause, jenkins_number, end_date, machines, name, start_date, result, deploypf_id, jenkins_user_id) VALUES (634, '', '1022', '2024-07-12 02:03:31.000000', 'DEVICE-ANDROID-2,DEVICE-ANDROID-4,TABLETTE-1,', 'apk-platform-deploy', '2024-07-12 01:58:24.000000', 'SUCCESS', 365, 6);
--INSERT INTO deploy_pf_details (id, cause, jenkins_number, end_date, machines, name, start_date, result, deploypf_id, jenkins_user_id) VALUES (635, '', '4687', '2024-07-12 05:48:47.000000', 'ALAT-2,', 'pims-deploy', '2024-07-12 05:46:06.000000', 'SUCCESS', 366, 6);
--INSERT INTO deploy_pf_details (id, cause, jenkins_number, end_date, machines, name, start_date, result, deploypf_id, jenkins_user_id) VALUES (636, 'N/A', '434', '2024-07-12 05:51:58.000000', 'ALAT-2,', 'deploy-sicsa', '2024-07-12 05:50:09.000000', 'SUCCESS', 366, 6);
--INSERT INTO deploy_pf_details (id, cause, jenkins_number, end_date, machines, name, start_date, result, deploypf_id, jenkins_user_id) VALUES (637, 'Erreur OPAL -pimsDeploy- -1', '4688', '2024-07-12 09:04:30.000000', 'ALAT-1, ALAT-T1', 'pims-deploy', '2024-07-12 08:33:38.000000', 'ABORTED', 367, 6);
--INSERT INTO deploy_pf_details (id, cause, jenkins_number, end_date, machines, name, start_date, result, deploypf_id, jenkins_user_id) VALUES (638, 'Erreur OPAL -sicsaDeploy- -1', '436', '2024-07-12 09:47:53.000000', 'ALAT-1, ALAT-T1', 'deploy-sicsa', '2024-07-12 09:06:37.000000', 'UNSTABLE', 368, 32);
--INSERT INTO deploy_pf_details (id, cause, jenkins_number, end_date, machines, name, start_date, result, deploypf_id, jenkins_user_id) VALUES (639, 'Erreur OPAL -sicsaDeploy- -1', '437', '2024-07-12 11:56:16.000000', 'ALAT-1, ALAT-T1', 'deploy-sicsa', '2024-07-12 09:56:15.000000', 'UNSTABLE', 369, 32);
--INSERT INTO deploy_pf_details (id, cause, jenkins_number, end_date, machines, name, start_date, result, deploypf_id, jenkins_user_id) VALUES (640, 'Erreur OPAL -sicsaDeploy- -1', '438', '2024-07-12 15:54:51.000000', 'ALAT-1, ALAT-T1', 'deploy-sicsa', '2024-07-12 15:46:20.000000', 'UNSTABLE', 370, 32);
--INSERT INTO deploy_pf_details (id, cause, jenkins_number, end_date, machines, name, start_date, result, deploypf_id, jenkins_user_id) VALUES (641, 'N/A', '439', '2024-07-12 16:19:15.000000', 'ALAT-1,ALAT-T1', 'deploy-sicsa', '2024-07-12 15:57:39.000000', 'SUCCESS', 371, 32);
--INSERT INTO deploy_pf_details (id, cause, jenkins_number, end_date, machines, name, start_date, result, deploypf_id, jenkins_user_id) VALUES (642, 'Erreur OPAL -pimsDeploy- 701', '4690', '2024-07-16 00:41:31.000000', '192.168.1.1,192.168.1.2,192.168.1.3,192.168.1.31,192.168.1.41,192.168.1.42,192.168.1.43,192.168.1.44,192.168.1.51,192.168.1.52,192.168.1.61,192.168.1.62,192.168.1.63,192.168.1.71,192.168.1.72,192.168.1.81,192.168.1.82,192.168.4.1,192.168.4.3,192.168.4.31,192.168.4.41,192.168.4.42,192.168.4.43,192.168.4.44,192.168.4.51,192.168.4.52,192.168.4.61,192.168.4.62,192.168.4.63,192.168.4.71,192.168.4.72,192.168.4.81', 'pims-deploy', '2024-07-16 00:36:26.000000', 'UNSTABLE', 373, 6);
--INSERT INTO deploy_pf_details (id, cause, jenkins_number, end_date, machines, name, start_date, result, deploypf_id, jenkins_user_id) VALUES (643, '', '4691', '2024-07-16 00:36:51.000000', '192.168.0.12,192.168.0.13', 'pims-deploy', '2024-07-16 00:36:27.000000', 'SUCCESS', 372, 6);
--INSERT INTO deploy_pf_details (id, cause, jenkins_number, end_date, machines, name, start_date, result, deploypf_id, jenkins_user_id) VALUES (644, 'Erreur OPAL -sicsMsiDeploy- 532 - http://jenkins.sics/job/sics-platform-deploy/5629/console', '5629', '2024-07-16 00:55:51.000000', '192.168.0.12,192.168.0.13', 'sics-platform-deploy', '2024-07-16 00:37:07.000000', 'FAILURE', 372, 6);
--INSERT INTO deploy_pf_details (id, cause, jenkins_number, end_date, machines, name, start_date, result, deploypf_id, jenkins_user_id) VALUES (645, 'Erreur OPAL -sicsMsiDeploy- 701Erreur OPAL -sicsStart-701 - http://jenkins.sics/job/sics-platform-deploy/5630/console', '5630', '2024-07-16 01:14:48.000000', '192.168.1.1,192.168.1.2,192.168.1.3,192.168.1.31,192.168.1.41,192.168.1.42,192.168.1.43,192.168.1.44,192.168.1.51,192.168.1.52,192.168.1.61,192.168.1.62,192.168.1.63,192.168.1.71,192.168.1.72,192.168.1.81,192.168.1.82,192.168.4.1,192.168.4.3,192.168.4.31,192.168.4.41,192.168.4.42,192.168.4.43,192.168.4.44,192.168.4.51,192.168.4.52,192.168.4.61,192.168.4.62,192.168.4.63,192.168.4.71,192.168.4.72,192.168.4.81', 'sics-platform-deploy', '2024-07-16 00:41:46.000000', 'FAILURE', 373, 6);
--INSERT INTO deploy_pf_details (id, cause, jenkins_number, end_date, machines, name, start_date, result, deploypf_id, jenkins_user_id) VALUES (646, '', '4692', '2024-07-17 00:27:24.000000', '192.168.0.12,192.168.0.13', 'pims-deploy', '2024-07-17 00:27:00.000000', 'SUCCESS', 374, 6);
--INSERT INTO deploy_pf_details (id, cause, jenkins_number, end_date, machines, name, start_date, result, deploypf_id, jenkins_user_id) VALUES (647, '', '4693', '2024-07-17 00:30:55.000000', '192.168.1.1,192.168.1.2,192.168.1.3,192.168.1.31,192.168.1.41,192.168.1.42,192.168.1.43,192.168.1.44,192.168.1.51,192.168.1.52,192.168.1.61,192.168.1.62,192.168.1.63,192.168.1.71,192.168.1.72,192.168.1.81,192.168.1.82,192.168.4.1,192.168.4.3,192.168.4.31,192.168.4.41,192.168.4.42,192.168.4.43,192.168.4.44,192.168.4.51,192.168.4.52,192.168.4.61,192.168.4.62,192.168.4.63,192.168.4.71,192.168.4.72,192.168.4.81', 'pims-deploy', '2024-07-17 00:27:00.000000', 'SUCCESS', 375, 6);
--INSERT INTO deploy_pf_details (id, cause, jenkins_number, end_date, machines, name, start_date, result, deploypf_id, jenkins_user_id) VALUES (648, '', '5631', '2024-07-17 00:46:34.000000', '192.168.0.12,192.168.0.13', 'sics-platform-deploy', '2024-07-17 00:27:42.000000', 'SUCCESS', 374, 6);
--INSERT INTO deploy_pf_details (id, cause, jenkins_number, end_date, machines, name, start_date, result, deploypf_id, jenkins_user_id) VALUES (649, 'Erreur OPAL -sicsMsiDeploy- 2766 - http://jenkins.sics/job/sics-platform-deploy/5632/console', '5632', '2024-07-17 01:04:59.000000', '192.168.1.1,192.168.1.2,192.168.1.3,192.168.1.31,192.168.1.41,192.168.1.42,192.168.1.43,192.168.1.44,192.168.1.51,192.168.1.52,192.168.1.61,192.168.1.62,192.168.1.63,192.168.1.71,192.168.1.72,192.168.1.81,192.168.1.82,192.168.4.1,192.168.4.3,192.168.4.31,192.168.4.41,192.168.4.42,192.168.4.43,192.168.4.44,192.168.4.51,192.168.4.52,192.168.4.61,192.168.4.62,192.168.4.63,192.168.4.71,192.168.4.72,192.168.4.81', 'sics-platform-deploy', '2024-07-17 00:31:10.000000', 'FAILURE', 375, 6);
--INSERT INTO deploy_pf_details (id, cause, jenkins_number, end_date, machines, name, start_date, result, deploypf_id, jenkins_user_id) VALUES (650, 'Erreur OPAL -pimsDeploy- 2901', '4694', '2024-07-17 04:56:25.000000', 'ERR-2,ERR-4,', 'pims-deploy', '2024-07-17 04:52:23.000000', 'UNSTABLE', 376, 6);
--INSERT INTO deploy_pf_details (id, cause, jenkins_number, end_date, machines, name, start_date, result, deploypf_id, jenkins_user_id) VALUES (651, '', '1023', '2024-07-17 05:01:45.000000', 'DEVICE-ANDROID-2,DEVICE-ANDROID-4,TABLETTE-1,', 'apk-platform-deploy', '2024-07-17 04:56:42.000000', 'SUCCESS', 376, 6);
--INSERT INTO deploy_pf_details (id, cause, jenkins_number, end_date, machines, name, start_date, result, deploypf_id, jenkins_user_id) VALUES (652, 'Erreur OPAL -pimsDeploy- 2901', '4695', '2024-07-17 05:37:11.000000', 'ALAT-1,ALAT-2,ALAT-T1,', 'pims-deploy', '2024-07-17 05:33:30.000000', 'UNSTABLE', 377, 6);
--INSERT INTO deploy_pf_details (id, cause, jenkins_number, end_date, machines, name, start_date, result, deploypf_id, jenkins_user_id) VALUES (653, 'N/A', '441', '2024-07-17 05:42:15.000000', 'ALAT-1,ALAT-2,ALAT-T1,', 'deploy-sicsa', '2024-07-17 05:38:24.000000', 'SUCCESS', 377, 6);
--INSERT INTO deploy_pf_details (id, cause, jenkins_number, end_date, machines, name, start_date, result, deploypf_id, jenkins_user_id) VALUES (654, '', '4696', '2024-07-17 08:40:39.000000', 'ALAT-T1,', 'pims-deploy', '2024-07-17 08:37:06.000000', 'SUCCESS', 377, 32);
--INSERT INTO deploy_pf_details (id, cause, jenkins_number, end_date, machines, name, start_date, result, deploypf_id, jenkins_user_id) VALUES (655, 'Erreur OPAL -pimsDeploy- -1 - http://jenkins.sics/job/pims-deploy/4697/console', '4697', '2024-07-17 08:39:01.000000', 'ERR-4,', 'pims-deploy', '2024-07-17 08:38:50.000000', 'FAILURE', 378, 6);
--INSERT INTO deploy_pf_details (id, cause, jenkins_number, end_date, machines, name, start_date, result, deploypf_id, jenkins_user_id) VALUES (656, '', '4700', '2024-07-18 00:39:26.000000', '192.168.0.12,192.168.0.13', 'pims-deploy', '2024-07-18 00:39:05.000000', 'SUCCESS', 379, 6);
--INSERT INTO deploy_pf_details (id, cause, jenkins_number, end_date, machines, name, start_date, result, deploypf_id, jenkins_user_id) VALUES (657, '', '4701', '2024-07-18 00:43:29.000000', '192.168.1.1,192.168.1.2,192.168.1.3,192.168.1.31,192.168.1.41,192.168.1.42,192.168.1.43,192.168.1.44,192.168.1.51,192.168.1.52,192.168.1.61,192.168.1.62,192.168.1.63,192.168.1.71,192.168.1.72,192.168.1.81,192.168.1.82,192.168.4.1,192.168.4.3,192.168.4.31,192.168.4.41,192.168.4.42,192.168.4.43,192.168.4.44,192.168.4.51,192.168.4.52,192.168.4.61,192.168.4.62,192.168.4.63,192.168.4.71,192.168.4.72,192.168.4.81', 'pims-deploy', '2024-07-18 00:39:09.000000', 'SUCCESS', 380, 6);
--INSERT INTO deploy_pf_details (id, cause, jenkins_number, end_date, machines, name, start_date, result, deploypf_id, jenkins_user_id) VALUES (658, '', '5635', '2024-07-18 00:57:34.000000', '192.168.0.12,192.168.0.13', 'sics-platform-deploy', '2024-07-18 00:39:42.000000', 'SUCCESS', 379, 6);
--INSERT INTO deploy_pf_details (id, cause, jenkins_number, end_date, machines, name, start_date, result, deploypf_id, jenkins_user_id) VALUES (659, '', '5636', '2024-07-18 01:19:38.000000', '192.168.1.1,192.168.1.2,192.168.1.3,192.168.1.31,192.168.1.41,192.168.1.42,192.168.1.43,192.168.1.44,192.168.1.51,192.168.1.52,192.168.1.61,192.168.1.62,192.168.1.63,192.168.1.71,192.168.1.72,192.168.1.81,192.168.1.82,192.168.4.1,192.168.4.3,192.168.4.31,192.168.4.41,192.168.4.42,192.168.4.43,192.168.4.44,192.168.4.51,192.168.4.52,192.168.4.61,192.168.4.62,192.168.4.63,192.168.4.71,192.168.4.72,192.168.4.81', 'sics-platform-deploy', '2024-07-18 00:43:49.000000', 'SUCCESS', 380, 6);
--INSERT INTO deploy_pf_details (id, cause, jenkins_number, end_date, machines, name, start_date, result, deploypf_id, jenkins_user_id) VALUES (660, '', '4702', '2024-07-18 04:55:31.000000', 'ERR-2,ERR-4,', 'pims-deploy', '2024-07-18 04:52:08.000000', 'SUCCESS', 381, 6);
--INSERT INTO deploy_pf_details (id, cause, jenkins_number, end_date, machines, name, start_date, result, deploypf_id, jenkins_user_id) VALUES (661, '', '1160', '2024-07-18 04:59:45.000000', 'ERR-2,ERR-4,', 'macsd-platform-deploy', '2024-07-18 04:55:55.000000', 'SUCCESS', 381, 6);
--INSERT INTO deploy_pf_details (id, cause, jenkins_number, end_date, machines, name, start_date, result, deploypf_id, jenkins_user_id) VALUES (662, '', '1024', '2024-07-18 05:05:09.000000', 'DEVICE-ANDROID-2,DEVICE-ANDROID-4,TABLETTE-1,', 'apk-platform-deploy', '2024-07-18 05:00:02.000000', 'SUCCESS', 381, 6);
--INSERT INTO deploy_pf_details (id, cause, jenkins_number, end_date, machines, name, start_date, result, deploypf_id, jenkins_user_id) VALUES (663, 'Erreur OPAL -pimsDeploy- 2901', '4703', '2024-07-18 06:31:04.000000', 'ALAT-1,ALAT-2,ALAT-T1,', 'pims-deploy', '2024-07-18 06:27:36.000000', 'UNSTABLE', 382, 6);
--INSERT INTO deploy_pf_details (id, cause, jenkins_number, end_date, machines, name, start_date, result, deploypf_id, jenkins_user_id) VALUES (664, 'N/A', '444', '2024-07-18 06:36:15.000000', 'ALAT-1,ALAT-2,ALAT-T1,', 'deploy-sicsa', '2024-07-18 06:32:17.000000', 'SUCCESS', 382, 6);
--INSERT INTO deploy_pf_details (id, cause, jenkins_number, end_date, machines, name, start_date, result, deploypf_id, jenkins_user_id) VALUES (665, '', '4704', '2024-07-18 08:48:08.000000', 'ALAT-2,', 'pims-deploy', '2024-07-18 08:45:44.000000', 'SUCCESS', 382, 32);
--INSERT INTO deploy_pf_details (id, cause, jenkins_number, end_date, machines, name, start_date, result, deploypf_id, jenkins_user_id) VALUES (666, '', '4705', '2024-07-18 15:49:38.000000', 'ALAT-1,ALAT-2,ALAT-T1,', 'pims-deploy', '2024-07-18 15:46:14.000000', 'SUCCESS', 383, 6);
--INSERT INTO deploy_pf_details (id, cause, jenkins_number, end_date, machines, name, start_date, result, deploypf_id, jenkins_user_id) VALUES (667, 'N/A', '445', '2024-07-18 15:54:55.000000', 'ALAT-1,ALAT-2,ALAT-T1,', 'deploy-sicsa', '2024-07-18 15:51:02.000000', 'SUCCESS', 383, 32);
--INSERT INTO deploy_pf_details (id, cause, jenkins_number, end_date, machines, name, start_date, result, deploypf_id, jenkins_user_id) VALUES (668, 'Erreur OPAL -pimsDeploy- 701', '4707', '2024-07-19 00:50:34.000000', '192.168.1.1,192.168.1.2,192.168.1.3,192.168.1.31,192.168.1.41,192.168.1.42,192.168.1.43,192.168.1.44,192.168.1.51,192.168.1.52,192.168.1.61,192.168.1.62,192.168.1.63,192.168.1.71,192.168.1.72,192.168.1.81,192.168.1.82,192.168.4.1,192.168.4.3,192.168.4.31,192.168.4.41,192.168.4.42,192.168.4.43,192.168.4.44,192.168.4.51,192.168.4.52,192.168.4.61,192.168.4.62,192.168.4.63,192.168.4.71,192.168.4.72,192.168.4.81', 'pims-deploy', '2024-07-19 00:46:23.000000', 'UNSTABLE', 385, 6);
--INSERT INTO deploy_pf_details (id, cause, jenkins_number, end_date, machines, name, start_date, result, deploypf_id, jenkins_user_id) VALUES (669, '', '4706', '2024-07-19 00:46:44.000000', '192.168.0.12,192.168.0.13', 'pims-deploy', '2024-07-19 00:46:23.000000', 'SUCCESS', 384, 6);
--INSERT INTO deploy_pf_details (id, cause, jenkins_number, end_date, machines, name, start_date, result, deploypf_id, jenkins_user_id) VALUES (670, '', '5638', '2024-07-19 01:06:28.000000', '192.168.0.12,192.168.0.13', 'sics-platform-deploy', '2024-07-19 00:47:01.000000', 'SUCCESS', 384, 6);
--INSERT INTO deploy_pf_details (id, cause, jenkins_number, end_date, machines, name, start_date, result, deploypf_id, jenkins_user_id) VALUES (671, 'Erreur OPAL -sicsMsiDeploy- -1 - http://jenkins.sics/job/sics-platform-deploy/5639/console', '5639', '2024-07-19 06:46:08.000000', '192.168.1.1,192.168.1.2,192.168.1.3,192.168.1.31,192.168.1.41,192.168.1.42,192.168.1.43,192.168.1.44,192.168.1.51,192.168.1.52,192.168.1.61,192.168.1.62,192.168.1.63,192.168.1.71,192.168.1.72,192.168.1.81,192.168.1.82,192.168.4.1,192.168.4.3,192.168.4.31,192.168.4.41,192.168.4.42,192.168.4.43,192.168.4.44,192.168.4.51,192.168.4.52,192.168.4.61,192.168.4.62,192.168.4.63,192.168.4.71,192.168.4.72,192.168.4.81', 'sics-platform-deploy', '2024-07-19 00:50:49.000000', 'FAILURE', 385, 6);
--INSERT INTO deploy_pf_details (id, cause, jenkins_number, end_date, machines, name, start_date, result, deploypf_id, jenkins_user_id) VALUES (672, 'Erreur OPAL -pimsDeploy- 701', '4708', '2024-07-19 04:26:13.000000', 'ERR-2,ERR-4,', 'pims-deploy', '2024-07-19 04:22:59.000000', 'UNSTABLE', 386, 6);
--INSERT INTO deploy_pf_details (id, cause, jenkins_number, end_date, machines, name, start_date, result, deploypf_id, jenkins_user_id) VALUES (673, 'Erreur OPAL -pimsDeploy- 701', '1161', '2024-07-19 04:30:38.000000', 'ERR-2,ERR-4,', 'macsd-platform-deploy', '2024-07-19 04:26:27.000000', 'UNSTABLE', 386, 6);
--INSERT INTO deploy_pf_details (id, cause, jenkins_number, end_date, machines, name, start_date, result, deploypf_id, jenkins_user_id) VALUES (674, '', '1025', '2024-07-19 04:35:54.000000', 'DEVICE-ANDROID-2,DEVICE-ANDROID-4,TABLETTE-1,', 'apk-platform-deploy', '2024-07-19 04:30:52.000000', 'SUCCESS', 386, 6);
--INSERT INTO deploy_pf_details (id, cause, jenkins_number, end_date, machines, name, start_date, result, deploypf_id, jenkins_user_id) VALUES (675, '', '4709', '2024-07-19 05:33:48.000000', 'ALAT-1,ALAT-2,ALAT-T1,', 'pims-deploy', '2024-07-19 05:30:29.000000', 'SUCCESS', 387, 6);
--INSERT INTO deploy_pf_details (id, cause, jenkins_number, end_date, machines, name, start_date, result, deploypf_id, jenkins_user_id) VALUES (676, 'N/A', '446', '2024-07-19 05:39:05.000000', 'ALAT-1,ALAT-2,ALAT-T1,', 'deploy-sicsa', '2024-07-19 05:35:12.000000', 'SUCCESS', 387, 6);
--INSERT INTO deploy_pf_details (id, cause, jenkins_number, end_date, machines, name, start_date, result, deploypf_id, jenkins_user_id) VALUES (677, ' - http://jenkins.sics/job/macsd-platform-deploy/1162/console', '1162', '2024-07-19 08:38:08.000000', 'ERR-4,', 'macsd-platform-deploy', '2024-07-19 08:37:19.000000', 'FAILURE', 386, 32);
--INSERT INTO deploy_pf_details (id, cause, jenkins_number, end_date, machines, name, start_date, result, deploypf_id, jenkins_user_id) VALUES (678, 'Erreur OPAL -pimsDeploy- 701', '4710', '2024-07-20 00:44:11.000000', '192.168.1.1,192.168.1.2,192.168.1.3,192.168.1.31,192.168.1.41,192.168.1.42,192.168.1.43,192.168.1.44,192.168.1.51,192.168.1.52,192.168.1.61,192.168.1.62,192.168.1.63,192.168.1.71,192.168.1.72,192.168.1.81,192.168.1.82,192.168.4.1,192.168.4.3,192.168.4.31,192.168.4.41,192.168.4.42,192.168.4.43,192.168.4.44,192.168.4.51,192.168.4.52,192.168.4.61,192.168.4.62,192.168.4.63,192.168.4.71,192.168.4.72,192.168.4.81', 'pims-deploy', '2024-07-20 00:40:21.000000', 'UNSTABLE', 388, 6);
--INSERT INTO deploy_pf_details (id, cause, jenkins_number, end_date, machines, name, start_date, result, deploypf_id, jenkins_user_id) VALUES (679, '', '4711', '2024-07-20 00:40:48.000000', '192.168.0.12,192.168.0.13', 'pims-deploy', '2024-07-20 00:40:22.000000', 'SUCCESS', 389, 6);
--INSERT INTO deploy_pf_details (id, cause, jenkins_number, end_date, machines, name, start_date, result, deploypf_id, jenkins_user_id) VALUES (680, '', '5641', '2024-07-20 01:01:02.000000', '192.168.0.12,192.168.0.13', 'sics-platform-deploy', '2024-07-20 00:41:05.000000', 'SUCCESS', 389, 6);
--INSERT INTO deploy_pf_details (id, cause, jenkins_number, end_date, machines, name, start_date, result, deploypf_id, jenkins_user_id) VALUES (681, 'Erreur OPAL -sicsMsiDeploy- 701Erreur OPAL -sicsStart-701 - http://jenkins.sics/job/sics-platform-deploy/5642/console', '5642', '2024-07-20 01:11:20.000000', '192.168.1.1,192.168.1.2,192.168.1.3,192.168.1.31,192.168.1.41,192.168.1.42,192.168.1.43,192.168.1.44,192.168.1.51,192.168.1.52,192.168.1.61,192.168.1.62,192.168.1.63,192.168.1.71,192.168.1.72,192.168.1.81,192.168.1.82,192.168.4.1,192.168.4.3,192.168.4.31,192.168.4.41,192.168.4.42,192.168.4.43,192.168.4.44,192.168.4.51,192.168.4.52,192.168.4.61,192.168.4.62,192.168.4.63,192.168.4.71,192.168.4.72,192.168.4.81', 'sics-platform-deploy', '2024-07-20 00:44:27.000000', 'FAILURE', 388, 6);
--INSERT INTO deploy_pf_details (id, cause, jenkins_number, end_date, machines, name, start_date, result, deploypf_id, jenkins_user_id) VALUES (682, 'Erreur OPAL -pimsDeploy- 701', '4712', '2024-07-22 04:44:54.000000', 'ERR-2,ERR-4,', 'pims-deploy', '2024-07-22 04:41:37.000000', 'UNSTABLE', 390, 6);
--INSERT INTO deploy_pf_details (id, cause, jenkins_number, end_date, machines, name, start_date, result, deploypf_id, jenkins_user_id) VALUES (683, 'Erreur OPAL -pimsDeploy- 701', '1163', '2024-07-22 04:49:20.000000', 'ERR-2,ERR-4,', 'macsd-platform-deploy', '2024-07-22 04:45:09.000000', 'UNSTABLE', 390, 6);
--INSERT INTO deploy_pf_details (id, cause, jenkins_number, end_date, machines, name, start_date, result, deploypf_id, jenkins_user_id) VALUES (684, '', '1026', '2024-07-22 04:54:52.000000', 'DEVICE-ANDROID-2,DEVICE-ANDROID-4,TABLETTE-1,', 'apk-platform-deploy', '2024-07-22 04:49:36.000000', 'SUCCESS', 390, 6);
--INSERT INTO deploy_pf_details (id, cause, jenkins_number, end_date, machines, name, start_date, result, deploypf_id, jenkins_user_id) VALUES (685, 'Erreur OPAL -pimsDeploy- 701 - http://jenkins.sics/job/pims-deploy/4713/console', '4713', '2024-07-22 05:33:14.000000', 'ALAT-1,ALAT-2,ALAT-T1,', 'pims-deploy', '2024-07-22 05:26:39.000000', 'FAILURE', 391, 6);
--INSERT INTO deploy_pf_details (id, cause, jenkins_number, end_date, machines, name, start_date, result, deploypf_id, jenkins_user_id) VALUES (686, 'Erreur OPAL -sicsaDeploy- 701', '448', '2024-07-22 05:42:29.000000', 'ALAT-1,ALAT-2,ALAT-T1,', 'deploy-sicsa', '2024-07-22 05:34:28.000000', 'UNSTABLE', 391, 6);
--INSERT INTO deploy_pf_details (id, cause, jenkins_number, end_date, machines, name, start_date, result, deploypf_id, jenkins_user_id) VALUES (687, '', '1164', '2024-07-22 09:28:18.000000', 'ERR-4,', 'macsd-platform-deploy', '2024-07-22 09:23:29.000000', 'SUCCESS', 390, 32);
--INSERT INTO deploy_pf_details (id, cause, jenkins_number, end_date, machines, name, start_date, result, deploypf_id, jenkins_user_id) VALUES (688, '', '4714', '2024-07-23 09:09:57.000000', '192.168.1.1,192.168.1.2,192.168.1.3,192.168.1.31,192.168.1.41,192.168.1.42,192.168.1.43,192.168.1.44,192.168.1.51,192.168.1.52,192.168.1.61,192.168.1.62,192.168.1.63,192.168.1.71,192.168.1.72,192.168.1.81,192.168.1.82,192.168.4.1,192.168.4.3,192.168.4.31,192.168.4.41,192.168.4.42,192.168.4.43,192.168.4.44,192.168.4.51,192.168.4.52,192.168.4.61,192.168.4.62,192.168.4.63,192.168.4.71,192.168.4.72,192.168.4.81', 'pims-deploy', '2024-07-23 00:43:49.000000', 'SUCCESS', 392, 6);
--INSERT INTO deploy_pf_details (id, cause, jenkins_number, end_date, machines, name, start_date, result, deploypf_id, jenkins_user_id) VALUES (689, '', '4715', '2024-07-23 00:44:14.000000', '192.168.0.12,192.168.0.13', 'pims-deploy', '2024-07-23 00:43:49.000000', 'SUCCESS', 393, 6);
--INSERT INTO deploy_pf_details (id, cause, jenkins_number, end_date, machines, name, start_date, result, deploypf_id, jenkins_user_id) VALUES (690, '', '5646', '2024-07-23 01:02:35.000000', '192.168.0.12,192.168.0.13', 'sics-platform-deploy', '2024-07-23 00:44:31.000000', 'SUCCESS', 393, 6);
--INSERT INTO deploy_pf_details (id, cause, jenkins_number, end_date, machines, name, start_date, result, deploypf_id, jenkins_user_id) VALUES (691, '', '4716', '2024-07-23 04:30:37.000000', 'ERR-2,ERR-4,', 'pims-deploy', '2024-07-23 04:27:25.000000', 'SUCCESS', 394, 6);
--INSERT INTO deploy_pf_details (id, cause, jenkins_number, end_date, machines, name, start_date, result, deploypf_id, jenkins_user_id) VALUES (692, '', '1173', '2024-07-23 04:35:49.000000', 'ERR-2,ERR-4,', 'macsd-platform-deploy', '2024-07-23 04:31:02.000000', 'SUCCESS', 394, 6);
--INSERT INTO deploy_pf_details (id, cause, jenkins_number, end_date, machines, name, start_date, result, deploypf_id, jenkins_user_id) VALUES (693, '', '1031', '2024-07-23 04:41:09.000000', 'DEVICE-ANDROID-2,DEVICE-ANDROID-4,TABLETTE-1,', 'apk-platform-deploy', '2024-07-23 04:36:06.000000', 'SUCCESS', 394, 6);
--INSERT INTO deploy_pf_details (id, cause, jenkins_number, end_date, machines, name, start_date, result, deploypf_id, jenkins_user_id) VALUES (694, '', '5648', '2024-07-23 09:41:37.000000', '192.168.1.1,192.168.1.2,192.168.1.3,192.168.1.31,192.168.1.41,192.168.1.42,192.168.1.43,192.168.1.44,192.168.1.51,192.168.1.52,192.168.1.61,192.168.1.62,192.168.1.63,192.168.1.71,192.168.1.72,192.168.1.81,192.168.1.82,192.168.4.1,192.168.4.3,192.168.4.31,192.168.4.41,192.168.4.42,192.168.4.43,192.168.4.44,192.168.4.51,192.168.4.52,192.168.4.61,192.168.4.62,192.168.4.63,192.168.4.71,192.168.4.72,192.168.4.81', 'sics-platform-deploy', '2024-07-23 09:10:14.000000', 'SUCCESS', 392, 6);
--INSERT INTO deploy_pf_details (id, cause, jenkins_number, end_date, machines, name, start_date, result, deploypf_id, jenkins_user_id) VALUES (695, '', '4717', '2024-07-24 00:43:27.000000', '192.168.0.12,192.168.0.13', 'pims-deploy', '2024-07-24 00:43:06.000000', 'SUCCESS', 396, 6);
--INSERT INTO deploy_pf_details (id, cause, jenkins_number, end_date, machines, name, start_date, result, deploypf_id, jenkins_user_id) VALUES (696, '', '4718', '2024-07-24 00:46:58.000000', '192.168.1.1,192.168.1.2,192.168.1.3,192.168.1.31,192.168.1.41,192.168.1.42,192.168.1.43,192.168.1.44,192.168.1.51,192.168.1.52,192.168.1.61,192.168.1.62,192.168.1.63,192.168.1.71,192.168.1.72,192.168.1.81,192.168.1.82,192.168.4.1,192.168.4.3,192.168.4.31,192.168.4.41,192.168.4.42,192.168.4.43,192.168.4.44,192.168.4.51,192.168.4.52,192.168.4.61,192.168.4.62,192.168.4.63,192.168.4.71,192.168.4.72,192.168.4.81', 'pims-deploy', '2024-07-24 00:43:06.000000', 'SUCCESS', 397, 6);
--INSERT INTO deploy_pf_details (id, cause, jenkins_number, end_date, machines, name, start_date, result, deploypf_id, jenkins_user_id) VALUES (697, '', '5649', '2024-07-24 01:03:24.000000', '192.168.0.12,192.168.0.13', 'sics-platform-deploy', '2024-07-24 00:43:34.000000', 'SUCCESS', 396, 6);
--INSERT INTO deploy_pf_details (id, cause, jenkins_number, end_date, machines, name, start_date, result, deploypf_id, jenkins_user_id) VALUES (698, '', '5650', '2024-07-24 01:18:39.000000', '192.168.1.1,192.168.1.2,192.168.1.3,192.168.1.31,192.168.1.41,192.168.1.42,192.168.1.43,192.168.1.44,192.168.1.51,192.168.1.52,192.168.1.61,192.168.1.62,192.168.1.63,192.168.1.71,192.168.1.72,192.168.1.81,192.168.1.82,192.168.4.1,192.168.4.3,192.168.4.31,192.168.4.41,192.168.4.42,192.168.4.43,192.168.4.44,192.168.4.51,192.168.4.52,192.168.4.61,192.168.4.62,192.168.4.63,192.168.4.71,192.168.4.72,192.168.4.81', 'sics-platform-deploy', '2024-07-24 00:47:04.000000', 'SUCCESS', 397, 6);
--INSERT INTO deploy_pf_details (id, cause, jenkins_number, end_date, machines, name, start_date, result, deploypf_id, jenkins_user_id) VALUES (699, 'Erreur OPAL -pimsDeploy- 701 - http://jenkins.sics/job/pims-deploy/4719/console', '4719', '2024-07-24 04:21:01.000000', 'ERR-2,ERR-4,', 'pims-deploy', '2024-07-24 04:20:28.000000', 'FAILURE', 398, 6);
--INSERT INTO deploy_pf_details (id, cause, jenkins_number, end_date, machines, name, start_date, result, deploypf_id, jenkins_user_id) VALUES (700, 'Erreur OPAL -pimsDeploy- 701 - http://jenkins.sics/job/macsd-platform-deploy/1177/console', '1177', '2024-07-24 04:21:37.000000', 'ERR-2,ERR-4,', 'macsd-platform-deploy', '2024-07-24 04:21:07.000000', 'FAILURE', 398, 6);
--INSERT INTO deploy_pf_details (id, cause, jenkins_number, end_date, machines, name, start_date, result, deploypf_id, jenkins_user_id) VALUES (701, ' - http://jenkins.sics/job/apk-platform-deploy/1035/console', '1035', '2024-07-24 04:24:22.000000', 'DEVICE-ANDROID-2,DEVICE-ANDROID-4,TABLETTE-1,', 'apk-platform-deploy', '2024-07-24 04:21:43.000000', 'FAILURE', 398, 6);
--INSERT INTO deploy_pf_details (id, cause, jenkins_number, end_date, machines, name, start_date, result, deploypf_id, jenkins_user_id) VALUES (702, 'Erreur OPAL -pimsDeploy- 2901', '4720', '2024-07-24 08:06:08.000000', 'ALAT-1,ALAT-2,ALAT-T1,', 'pims-deploy', '2024-07-24 08:02:23.000000', 'UNSTABLE', 399, 6);
--INSERT INTO deploy_pf_details (id, cause, jenkins_number, end_date, machines, name, start_date, result, deploypf_id, jenkins_user_id) VALUES (703, 'N/A', '451', '2024-07-24 08:11:17.000000', 'ALAT-1,ALAT-2,ALAT-T1,', 'deploy-sicsa', '2024-07-24 08:07:21.000000', 'SUCCESS', 399, 6);
--INSERT INTO deploy_pf_details (id, cause, jenkins_number, end_date, machines, name, start_date, result, deploypf_id, jenkins_user_id) VALUES (704, '', '4721', '2024-07-24 08:33:17.000000', 'ALAT-1,', 'pims-deploy', '2024-07-24 08:30:59.000000', 'SUCCESS', 399, 32);
--INSERT INTO deploy_pf_details (id, cause, jenkins_number, end_date, machines, name, start_date, result, deploypf_id, jenkins_user_id) VALUES (705, '', '4722', '2024-07-25 00:34:59.000000', '192.168.0.12,192.168.0.13', 'pims-deploy', '2024-07-25 00:34:36.000000', 'SUCCESS', 400, 6);
--INSERT INTO deploy_pf_details (id, cause, jenkins_number, end_date, machines, name, start_date, result, deploypf_id, jenkins_user_id) VALUES (706, '', '4723', '2024-07-25 00:38:34.000000', '192.168.1.1,192.168.1.2,192.168.1.3,192.168.1.31,192.168.1.41,192.168.1.42,192.168.1.43,192.168.1.44,192.168.1.51,192.168.1.52,192.168.1.61,192.168.1.62,192.168.1.63,192.168.1.71,192.168.1.72,192.168.1.81,192.168.1.82,192.168.4.1,192.168.4.3,192.168.4.31,192.168.4.41,192.168.4.42,192.168.4.43,192.168.4.44,192.168.4.51,192.168.4.52,192.168.4.61,192.168.4.62,192.168.4.63,192.168.4.71,192.168.4.72,192.168.4.81', 'pims-deploy', '2024-07-25 00:34:36.000000', 'SUCCESS', 401, 6);
--INSERT INTO deploy_pf_details (id, cause, jenkins_number, end_date, machines, name, start_date, result, deploypf_id, jenkins_user_id) VALUES (707, '', '5651', '2024-07-25 00:55:11.000000', '192.168.0.12,192.168.0.13', 'sics-platform-deploy', '2024-07-25 00:35:05.000000', 'SUCCESS', 400, 6);
--INSERT INTO deploy_pf_details (id, cause, jenkins_number, end_date, machines, name, start_date, result, deploypf_id, jenkins_user_id) VALUES (708, '', '5652', '2024-07-25 01:11:45.000000', '192.168.1.1,192.168.1.2,192.168.1.3,192.168.1.31,192.168.1.41,192.168.1.42,192.168.1.43,192.168.1.44,192.168.1.51,192.168.1.52,192.168.1.61,192.168.1.62,192.168.1.63,192.168.1.71,192.168.1.72,192.168.1.81,192.168.1.82,192.168.4.1,192.168.4.3,192.168.4.31,192.168.4.41,192.168.4.42,192.168.4.43,192.168.4.44,192.168.4.51,192.168.4.52,192.168.4.61,192.168.4.62,192.168.4.63,192.168.4.71,192.168.4.72,192.168.4.81', 'sics-platform-deploy', '2024-07-25 00:38:39.000000', 'SUCCESS', 401, 6);
--INSERT INTO deploy_pf_details (id, cause, jenkins_number, end_date, machines, name, start_date, result, deploypf_id, jenkins_user_id) VALUES (709, '', '4724', '2024-07-25 04:20:06.000000', 'ERR-2,ERR-4,', 'pims-deploy', '2024-07-25 04:16:41.000000', 'SUCCESS', 402, 6);
--INSERT INTO deploy_pf_details (id, cause, jenkins_number, end_date, machines, name, start_date, result, deploypf_id, jenkins_user_id) VALUES (710, '', '1178', '2024-07-25 04:24:19.000000', 'ERR-2,ERR-4,', 'macsd-platform-deploy', '2024-07-25 04:20:20.000000', 'SUCCESS', 402, 6);
--INSERT INTO deploy_pf_details (id, cause, jenkins_number, end_date, machines, name, start_date, result, deploypf_id, jenkins_user_id) VALUES (711, '', '1036', '2024-07-25 04:29:34.000000', 'DEVICE-ANDROID-2,DEVICE-ANDROID-4,TABLETTE-1,', 'apk-platform-deploy', '2024-07-25 04:24:25.000000', 'SUCCESS', 402, 6);
--INSERT INTO deploy_pf_details (id, cause, jenkins_number, end_date, machines, name, start_date, result, deploypf_id, jenkins_user_id) VALUES (712, '', '4725', '2024-07-25 07:53:59.000000', 'ALAT-1,ALAT-2,ALAT-T1,', 'pims-deploy', '2024-07-25 07:50:33.000000', 'SUCCESS', 403, 6);
--INSERT INTO deploy_pf_details (id, cause, jenkins_number, end_date, machines, name, start_date, result, deploypf_id, jenkins_user_id) VALUES (713, 'N/A', '452', '2024-07-25 07:59:14.000000', 'ALAT-1,ALAT-2,ALAT-T1,', 'deploy-sicsa', '2024-07-25 07:55:23.000000', 'SUCCESS', 403, 6);
--INSERT INTO deploy_pf_details (id, cause, jenkins_number, end_date, machines, name, start_date, result, deploypf_id, jenkins_user_id) VALUES (714, '', '4727', '2024-07-26 00:51:26.000000', '192.168.0.12,192.168.0.13', 'pims-deploy', '2024-07-26 00:51:02.000000', 'SUCCESS', 404, 6);
--INSERT INTO deploy_pf_details (id, cause, jenkins_number, end_date, machines, name, start_date, result, deploypf_id, jenkins_user_id) VALUES (715, '', '4726', '2024-07-26 00:55:16.000000', '192.168.1.1,192.168.1.2,192.168.1.3,192.168.1.31,192.168.1.41,192.168.1.42,192.168.1.43,192.168.1.44,192.168.1.51,192.168.1.52,192.168.1.61,192.168.1.62,192.168.1.63,192.168.1.71,192.168.1.72,192.168.1.81,192.168.1.82,192.168.4.1,192.168.4.3,192.168.4.31,192.168.4.41,192.168.4.42,192.168.4.43,192.168.4.44,192.168.4.51,192.168.4.52,192.168.4.61,192.168.4.62,192.168.4.63,192.168.4.71,192.168.4.72,192.168.4.81', 'pims-deploy', '2024-07-26 00:51:02.000000', 'SUCCESS', 405, 6);
--INSERT INTO deploy_pf_details (id, cause, jenkins_number, end_date, machines, name, start_date, result, deploypf_id, jenkins_user_id) VALUES (716, '', '5654', '2024-07-26 01:11:32.000000', '192.168.0.12,192.168.0.13', 'sics-platform-deploy', '2024-07-26 00:51:32.000000', 'SUCCESS', 404, 6);
--INSERT INTO deploy_pf_details (id, cause, jenkins_number, end_date, machines, name, start_date, result, deploypf_id, jenkins_user_id) VALUES (717, '', '5655', '2024-07-26 01:31:25.000000', '192.168.1.1,192.168.1.2,192.168.1.3,192.168.1.31,192.168.1.41,192.168.1.42,192.168.1.43,192.168.1.44,192.168.1.51,192.168.1.52,192.168.1.61,192.168.1.62,192.168.1.63,192.168.1.71,192.168.1.72,192.168.1.81,192.168.1.82,192.168.4.1,192.168.4.3,192.168.4.31,192.168.4.41,192.168.4.42,192.168.4.43,192.168.4.44,192.168.4.51,192.168.4.52,192.168.4.61,192.168.4.62,192.168.4.63,192.168.4.71,192.168.4.72,192.168.4.81', 'sics-platform-deploy', '2024-07-26 00:55:21.000000', 'SUCCESS', 405, 6);
--INSERT INTO deploy_pf_details (id, cause, jenkins_number, end_date, machines, name, start_date, result, deploypf_id, jenkins_user_id) VALUES (718, '', '4728', '2024-07-26 04:30:15.000000', 'ERR-2,ERR-4,', 'pims-deploy', '2024-07-26 04:27:11.000000', 'SUCCESS', 406, 6);
--INSERT INTO deploy_pf_details (id, cause, jenkins_number, end_date, machines, name, start_date, result, deploypf_id, jenkins_user_id) VALUES (719, '', '1179', '2024-07-26 04:34:59.000000', 'ERR-2,ERR-4,', 'macsd-platform-deploy', '2024-07-26 04:30:29.000000', 'SUCCESS', 406, 6);
--INSERT INTO deploy_pf_details (id, cause, jenkins_number, end_date, machines, name, start_date, result, deploypf_id, jenkins_user_id) VALUES (720, '', '1037', '2024-07-26 04:40:17.000000', 'DEVICE-ANDROID-2,DEVICE-ANDROID-4,TABLETTE-1,', 'apk-platform-deploy', '2024-07-26 04:35:05.000000', 'SUCCESS', 406, 6);
--INSERT INTO deploy_pf_details (id, cause, jenkins_number, end_date, machines, name, start_date, result, deploypf_id, jenkins_user_id) VALUES (721, '', '4729', '2024-07-26 08:26:34.000000', 'ALAT-1,ALAT-2,ALAT-T1,', 'pims-deploy', '2024-07-26 08:23:07.000000', 'SUCCESS', 407, 6);
--INSERT INTO deploy_pf_details (id, cause, jenkins_number, end_date, machines, name, start_date, result, deploypf_id, jenkins_user_id) VALUES (722, 'N/A', '453', '2024-07-26 08:31:51.000000', 'ALAT-1,ALAT-2,ALAT-T1,', 'deploy-sicsa', '2024-07-26 08:27:57.000000', 'SUCCESS', 407, 6);
--INSERT INTO deploy_pf_details (id, cause, jenkins_number, end_date, machines, name, start_date, result, deploypf_id, jenkins_user_id) VALUES (723, '', '4731', '2024-07-27 00:38:00.000000', '192.168.0.12,192.168.0.13', 'pims-deploy', '2024-07-27 00:37:36.000000', 'SUCCESS', 409, 6);
--INSERT INTO deploy_pf_details (id, cause, jenkins_number, end_date, machines, name, start_date, result, deploypf_id, jenkins_user_id) VALUES (724, '', '4730', '2024-07-27 00:41:30.000000', '192.168.1.1,192.168.1.2,192.168.1.3,192.168.1.31,192.168.1.41,192.168.1.42,192.168.1.43,192.168.1.44,192.168.1.51,192.168.1.52,192.168.1.61,192.168.1.62,192.168.1.63,192.168.1.71,192.168.1.72,192.168.1.81,192.168.1.82,192.168.4.1,192.168.4.3,192.168.4.31,192.168.4.41,192.168.4.42,192.168.4.43,192.168.4.44,192.168.4.51,192.168.4.52,192.168.4.61,192.168.4.62,192.168.4.63,192.168.4.71,192.168.4.72,192.168.4.81', 'pims-deploy', '2024-07-27 00:37:39.000000', 'SUCCESS', 408, 6);
--INSERT INTO deploy_pf_details (id, cause, jenkins_number, end_date, machines, name, start_date, result, deploypf_id, jenkins_user_id) VALUES (725, '', '5660', '2024-07-27 00:58:05.000000', '192.168.0.12,192.168.0.13', 'sics-platform-deploy', '2024-07-27 00:38:06.000000', 'SUCCESS', 409, 6);
--INSERT INTO deploy_pf_details (id, cause, jenkins_number, end_date, machines, name, start_date, result, deploypf_id, jenkins_user_id) VALUES (726, '', '5661', '2024-07-27 01:14:10.000000', '192.168.1.1,192.168.1.2,192.168.1.3,192.168.1.31,192.168.1.41,192.168.1.42,192.168.1.43,192.168.1.44,192.168.1.51,192.168.1.52,192.168.1.61,192.168.1.62,192.168.1.63,192.168.1.71,192.168.1.72,192.168.1.81,192.168.1.82,192.168.4.1,192.168.4.3,192.168.4.31,192.168.4.41,192.168.4.42,192.168.4.43,192.168.4.44,192.168.4.51,192.168.4.52,192.168.4.61,192.168.4.62,192.168.4.63,192.168.4.71,192.168.4.72,192.168.4.81', 'sics-platform-deploy', '2024-07-27 00:41:36.000000', 'SUCCESS', 408, 6);
--INSERT INTO deploy_pf_details (id, cause, jenkins_number, end_date, machines, name, start_date, result, deploypf_id, jenkins_user_id) VALUES (727, '', '4732', '2024-07-29 04:27:56.000000', 'ERR-2,ERR-4,', 'pims-deploy', '2024-07-29 04:24:40.000000', 'SUCCESS', 410, 6);
--INSERT INTO deploy_pf_details (id, cause, jenkins_number, end_date, machines, name, start_date, result, deploypf_id, jenkins_user_id) VALUES (728, '', '1180', '2024-07-29 04:32:45.000000', 'ERR-2,ERR-4,', 'macsd-platform-deploy', '2024-07-29 04:28:15.000000', 'SUCCESS', 410, 6);
--INSERT INTO deploy_pf_details (id, cause, jenkins_number, end_date, machines, name, start_date, result, deploypf_id, jenkins_user_id) VALUES (729, '', '1038', '2024-07-29 04:38:08.000000', 'DEVICE-ANDROID-2,DEVICE-ANDROID-4,TABLETTE-1,', 'apk-platform-deploy', '2024-07-29 04:32:55.000000', 'SUCCESS', 410, 6);
--INSERT INTO deploy_pf_details (id, cause, jenkins_number, end_date, machines, name, start_date, result, deploypf_id, jenkins_user_id) VALUES (730, '', '4733', '2024-07-29 07:58:28.000000', 'ALAT-1,ALAT-2,ALAT-T1,', 'pims-deploy', '2024-07-29 07:54:53.000000', 'SUCCESS', 411, 6);
--INSERT INTO deploy_pf_details (id, cause, jenkins_number, end_date, machines, name, start_date, result, deploypf_id, jenkins_user_id) VALUES (731, 'Erreur OPAL -sicsaDeploy- 4301', '454', '2024-07-29 08:00:00.000000', 'ALAT-1,ALAT-2,ALAT-T1,', 'deploy-sicsa', '2024-07-29 07:59:52.000000', 'UNSTABLE', 411, 6);
--INSERT INTO deploy_pf_details (id, cause, jenkins_number, end_date, machines, name, start_date, result, deploypf_id, jenkins_user_id) VALUES (732, ' - http://jenkins.sics/job/pims-deploy/4736/console', '4736', '2024-07-30 00:35:52.000000', '192.168.0.12,192.168.0.13', 'pims-deploy', '2024-07-30 00:35:51.000000', 'FAILURE', 412, 6);
--INSERT INTO deploy_pf_details (id, cause, jenkins_number, end_date, machines, name, start_date, result, deploypf_id, jenkins_user_id) VALUES (733, ' - http://jenkins.sics/job/pims-deploy/4737/console', '4737', '2024-07-30 00:35:52.000000', '192.168.1.1,192.168.1.2,192.168.1.3,192.168.1.31,192.168.1.41,192.168.1.42,192.168.1.43,192.168.1.44,192.168.1.51,192.168.1.52,192.168.1.61,192.168.1.62,192.168.1.63,192.168.1.71,192.168.1.72,192.168.1.81,192.168.1.82,192.168.4.1,192.168.4.3,192.168.4.31,192.168.4.41,192.168.4.42,192.168.4.43,192.168.4.44,192.168.4.51,192.168.4.52,192.168.4.61,192.168.4.62,192.168.4.63,192.168.4.71,192.168.4.72,192.168.4.81', 'pims-deploy', '2024-07-30 00:35:51.000000', 'FAILURE', 413, 6);
--INSERT INTO deploy_pf_details (id, cause, jenkins_number, end_date, machines, name, start_date, result, deploypf_id, jenkins_user_id) VALUES (734, '', '5668', '2024-07-30 00:55:17.000000', '192.168.0.12,192.168.0.13', 'sics-platform-deploy', '2024-07-30 00:35:59.000000', 'SUCCESS', 412, 6);
--INSERT INTO deploy_pf_details (id, cause, jenkins_number, end_date, machines, name, start_date, result, deploypf_id, jenkins_user_id) VALUES (735, '', '5669', '2024-07-30 01:49:05.000000', '192.168.1.1,192.168.1.2,192.168.1.3,192.168.1.31,192.168.1.41,192.168.1.42,192.168.1.43,192.168.1.44,192.168.1.51,192.168.1.52,192.168.1.61,192.168.1.62,192.168.1.63,192.168.1.71,192.168.1.72,192.168.1.81,192.168.1.82,192.168.4.1,192.168.4.3,192.168.4.31,192.168.4.41,192.168.4.42,192.168.4.43,192.168.4.44,192.168.4.51,192.168.4.52,192.168.4.61,192.168.4.62,192.168.4.63,192.168.4.71,192.168.4.72,192.168.4.81', 'sics-platform-deploy', '2024-07-30 00:35:59.000000', 'SUCCESS', 413, 6);
--INSERT INTO deploy_pf_details (id, cause, jenkins_number, end_date, machines, name, start_date, result, deploypf_id, jenkins_user_id) VALUES (736, 'Erreur OPAL -pimsDeploy- -1 - http://jenkins.sics/job/pims-deploy/4738/console', '4738', '2024-07-30 07:49:23.000000', 'ALAT-1,ALAT-2,ALAT-T1,', 'pims-deploy', '2024-07-30 07:49:15.000000', 'FAILURE', 414, 6);
--INSERT INTO deploy_pf_details (id, cause, jenkins_number, end_date, machines, name, start_date, result, deploypf_id, jenkins_user_id) VALUES (737, 'Erreur OPAL -sicsaDeploy- -1', '456', '2024-07-30 07:50:39.000000', 'ALAT-1,ALAT-2,ALAT-T1,', 'deploy-sicsa', '2024-07-30 07:50:37.000000', 'UNSTABLE', 414, 6);
--INSERT INTO deploy_pf_details (id, cause, jenkins_number, end_date, machines, name, start_date, result, deploypf_id, jenkins_user_id) VALUES (738, '', '4740', '2024-07-31 00:14:47.000000', '192.168.0.12,192.168.0.13', 'pims-deploy', '2024-07-31 00:14:25.000000', 'SUCCESS', 416, 6);
--INSERT INTO deploy_pf_details (id, cause, jenkins_number, end_date, machines, name, start_date, result, deploypf_id, jenkins_user_id) VALUES (739, '', '4739', '2024-07-31 00:18:31.000000', '192.168.1.1,192.168.1.2,192.168.1.3,192.168.1.31,192.168.1.41,192.168.1.42,192.168.1.43,192.168.1.44,192.168.1.51,192.168.1.52,192.168.1.61,192.168.1.62,192.168.1.63,192.168.1.71,192.168.1.72,192.168.1.81,192.168.1.82,192.168.4.1,192.168.4.3,192.168.4.31,192.168.4.41,192.168.4.42,192.168.4.43,192.168.4.44,192.168.4.51,192.168.4.52,192.168.4.61,192.168.4.62,192.168.4.63,192.168.4.71,192.168.4.72,192.168.4.81', 'pims-deploy', '2024-07-31 00:14:25.000000', 'SUCCESS', 415, 6);
--INSERT INTO deploy_pf_details (id, cause, jenkins_number, end_date, machines, name, start_date, result, deploypf_id, jenkins_user_id) VALUES (740, '', '5676', '2024-07-31 00:33:44.000000', '192.168.0.12,192.168.0.13', 'sics-platform-deploy', '2024-07-31 00:14:53.000000', 'SUCCESS', 416, 6);
--INSERT INTO deploy_pf_details (id, cause, jenkins_number, end_date, machines, name, start_date, result, deploypf_id, jenkins_user_id) VALUES (741, '', '5677', '2024-07-31 00:51:48.000000', '192.168.1.1,192.168.1.2,192.168.1.3,192.168.1.31,192.168.1.41,192.168.1.42,192.168.1.43,192.168.1.44,192.168.1.51,192.168.1.52,192.168.1.61,192.168.1.62,192.168.1.63,192.168.1.71,192.168.1.72,192.168.1.81,192.168.1.82,192.168.4.1,192.168.4.3,192.168.4.31,192.168.4.41,192.168.4.42,192.168.4.43,192.168.4.44,192.168.4.51,192.168.4.52,192.168.4.61,192.168.4.62,192.168.4.63,192.168.4.71,192.168.4.72,192.168.4.81', 'sics-platform-deploy', '2024-07-31 00:18:37.000000', 'SUCCESS', 415, 6);
--INSERT INTO deploy_pf_details (id, cause, jenkins_number, end_date, machines, name, start_date, result, deploypf_id, jenkins_user_id) VALUES (742, '', '4741', '2024-08-01 00:16:02.000000', '192.168.0.12,192.168.0.13', 'pims-deploy', '2024-08-01 00:15:41.000000', 'SUCCESS', 417, 6);
--INSERT INTO deploy_pf_details (id, cause, jenkins_number, end_date, machines, name, start_date, result, deploypf_id, jenkins_user_id) VALUES (743, 'Erreur OPAL -pimsDeploy- -1', '4742', '2024-08-01 09:57:44.000000', '192.168.1.1,192.168.1.2,192.168.1.3,192.168.1.31,192.168.1.41,192.168.1.42,192.168.1.43,192.168.1.44,192.168.1.51,192.168.1.52,192.168.1.61,192.168.1.62,192.168.1.63,192.168.1.71,192.168.1.72,192.168.1.81,192.168.1.82,192.168.4.1,192.168.4.3,192.168.4.31,192.168.4.41,192.168.4.42,192.168.4.43,192.168.4.44,192.168.4.51,192.168.4.52,192.168.4.61,192.168.4.62,192.168.4.63,192.168.4.71,192.168.4.72,192.168.4.81', 'pims-deploy', '2024-08-01 00:15:41.000000', 'ABORTED', 418, 6);
--INSERT INTO deploy_pf_details (id, cause, jenkins_number, end_date, machines, name, start_date, result, deploypf_id, jenkins_user_id) VALUES (744, '', '5686', '2024-08-01 00:35:39.000000', '192.168.0.12,192.168.0.13', 'sics-platform-deploy', '2024-08-01 00:16:09.000000', 'SUCCESS', 417, 6);
--INSERT INTO deploy_pf_details (id, cause, jenkins_number, end_date, machines, name, start_date, result, deploypf_id, jenkins_user_id) VALUES (745, 'Erreur OPAL -pimsDeploy- -1 - http://jenkins.sics/job/pims-deploy/4743/console', '4743', '2024-08-01 07:51:09.000000', 'ALAT-1,ALAT-2,ALAT-T1,', 'pims-deploy', '2024-08-01 07:51:02.000000', 'FAILURE', 419, 6);
--INSERT INTO deploy_pf_details (id, cause, jenkins_number, end_date, machines, name, start_date, result, deploypf_id, jenkins_user_id) VALUES (746, 'Erreur OPAL -sicsaDeploy- -1', '459', '2024-08-01 07:52:25.000000', 'ALAT-1,ALAT-2,ALAT-T1,', 'deploy-sicsa', '2024-08-01 07:52:22.000000', 'UNSTABLE', 419, 6);
--INSERT INTO deploy_pf_details (id, cause, jenkins_number, end_date, machines, name, start_date, result, deploypf_id, jenkins_user_id) VALUES (747, 'Erreur OPAL -sicsMsiDeploy- -1', '5689', '2024-08-01 11:13:51.000000', '192.168.1.1,192.168.1.2,192.168.1.3,192.168.1.31,192.168.1.41,192.168.1.42,192.168.1.43,192.168.1.44,192.168.1.51,192.168.1.52,192.168.1.61,192.168.1.62,192.168.1.63,192.168.1.71,192.168.1.72,192.168.1.81,192.168.1.82,192.168.4.1,192.168.4.3,192.168.4.31,192.168.4.41,192.168.4.42,192.168.4.43,192.168.4.44,192.168.4.51,192.168.4.52,192.168.4.61,192.168.4.62,192.168.4.63,192.168.4.71,192.168.4.72,192.168.4.81', 'sics-platform-deploy', '2024-08-01 09:57:51.000000', 'ABORTED', 418, 6);
--INSERT INTO deploy_pf_details (id, cause, jenkins_number, end_date, machines, name, start_date, result, deploypf_id, jenkins_user_id) VALUES (748, '', '4745', '2024-08-02 00:26:13.000000', '192.168.1.1,192.168.1.2,192.168.1.3,192.168.1.31,192.168.1.41,192.168.1.42,192.168.1.43,192.168.1.44,192.168.1.51,192.168.1.52,192.168.1.61,192.168.1.62,192.168.1.63,192.168.1.71,192.168.1.72,192.168.1.81,192.168.1.82,192.168.4.1,192.168.4.3,192.168.4.31,192.168.4.41,192.168.4.42,192.168.4.43,192.168.4.44,192.168.4.51,192.168.4.52,192.168.4.61,192.168.4.62,192.168.4.63,192.168.4.71,192.168.4.72,192.168.4.81', 'pims-deploy', '2024-08-02 00:22:18.000000', 'SUCCESS', 421, 6);
--INSERT INTO deploy_pf_details (id, cause, jenkins_number, end_date, machines, name, start_date, result, deploypf_id, jenkins_user_id) VALUES (749, '', '4744', '2024-08-02 00:22:40.000000', '192.168.0.12,192.168.0.13', 'pims-deploy', '2024-08-02 00:22:19.000000', 'SUCCESS', 420, 6);
--INSERT INTO deploy_pf_details (id, cause, jenkins_number, end_date, machines, name, start_date, result, deploypf_id, jenkins_user_id) VALUES (750, '', '5694', '2024-08-02 00:41:11.000000', '192.168.0.12,192.168.0.13', 'sics-platform-deploy', '2024-08-02 00:22:46.000000', 'SUCCESS', 420, 6);
--INSERT INTO deploy_pf_details (id, cause, jenkins_number, end_date, machines, name, start_date, result, deploypf_id, jenkins_user_id) VALUES (751, '', '5695', '2024-08-02 00:56:32.000000', '192.168.1.1,192.168.1.2,192.168.1.3,192.168.1.31,192.168.1.41,192.168.1.42,192.168.1.43,192.168.1.44,192.168.1.51,192.168.1.52,192.168.1.61,192.168.1.62,192.168.1.63,192.168.1.71,192.168.1.72,192.168.1.81,192.168.1.82,192.168.4.1,192.168.4.3,192.168.4.31,192.168.4.41,192.168.4.42,192.168.4.43,192.168.4.44,192.168.4.51,192.168.4.52,192.168.4.61,192.168.4.62,192.168.4.63,192.168.4.71,192.168.4.72,192.168.4.81', 'sics-platform-deploy', '2024-08-02 00:26:18.000000', 'SUCCESS', 421, 6);
--INSERT INTO deploy_pf_details (id, cause, jenkins_number, end_date, machines, name, start_date, result, deploypf_id, jenkins_user_id) VALUES (752, 'Erreur OPAL -pimsDeploy- 2901', '4746', '2024-08-02 08:06:10.000000', 'ALAT-1,ALAT-2,ALAT-T1,', 'pims-deploy', '2024-08-02 08:02:46.000000', 'UNSTABLE', 422, 6);
--INSERT INTO deploy_pf_details (id, cause, jenkins_number, end_date, machines, name, start_date, result, deploypf_id, jenkins_user_id) VALUES (753, 'Erreur OPAL -sicsaDeploy- -1', '460', '2024-08-02 08:07:30.000000', 'ALAT-1,ALAT-2,ALAT-T1,', 'deploy-sicsa', '2024-08-02 08:07:23.000000', 'UNSTABLE', 422, 6);
